Account_ID,Account_Name,Account_Industry,Account_Segment,Employee_Count
001000000000000001,North Goods Group,Retail,Enterprise DTC,12000
001000000000000002,North Goods Group,3PL / Logistics,Enterprise Omnichannel,12000
001000000000000003,Anchor Retail Co,Consumer Goods,Mid-Market Retail,12000
001000000000000004,Anchor Retail Co,3PL / Logistics,Mid-Market Retail,12000
001000000000000005,Anchor Logistics LLC,Retail,Mid-Market Retail,12000
001000000000000006,North Goods Group,3PL / Logistics,Enterprise DTC,1500
001000000000000007,Pioneer Supply Co,3PL / Logistics,Mid-Market Retail,12000
001000000000000008,Anchor Goods Group,Food & Beverage,3PL Partner,1500
001000000000000009,North Brands Inc,Consumer Goods,3PL Partner,1500
001000000000000010,Harbor Goods Group,3PL / Logistics,Enterprise Omnichannel,4000
001000000000000011,Vantage Brands Inc,Consumer Goods,Enterprise DTC,800
001000000000000012,Vantage Goods Group,3PL / Logistics,Mid-Market Retail,250
001000000000000013,North Logistics LLC,Food & Beverage,Mid-Market Retail,12000
001000000000000014,North Brands Inc,Food & Beverage,Mid-Market Retail,250
001000000000000015,Pioneer Supply Co,Food & Beverage,Enterprise Omnichannel,4000
001000000000000016,Vantage Brands Inc,3PL / Logistics,Enterprise Omnichannel,800
001000000000000017,Anchor Brands Inc,Food & Beverage,3PL Partner,250
001000000000000018,Harbor Supply Co,3PL / Logistics,Mid-Market Retail,800
001000000000000019,Summit Supply Co,Food & Beverage,Enterprise DTC,1500
001000000000000020,Anchor Brands Inc,Apparel & Footwear,Enterprise Omnichannel,12000
001000000000000021,Pioneer Goods Group,3PL / Logistics,Mid-Market Retail,250
001000000000000022,Pioneer Goods Group,3PL / Logistics,Mid-Market Retail,12000
001000000000000023,Vantage Goods Group,Apparel & Footwear,3PL Partner,1500
001000000000000024,Harbor Supply Co,Apparel & Footwear,Mid-Market Retail,800
001000000000000025,Summit Logistics LLC,Apparel & Footwear,Enterprise DTC,800
001000000000000026,Harbor Brands Inc,3PL / Logistics,Enterprise Omnichannel,1500
001000000000000027,Harbor Goods Group,Food & Beverage,3PL Partner,1500
001000000000000028,North Retail Co,3PL / Logistics,Mid-Market Retail,800
001000000000000029,Anchor Brands Inc,Food & Beverage,3PL Partner,250
001000000000000030,Harbor Supply Co,Consumer Goods,Enterprise Omnichannel,4000
001000000000000031,Summit Logistics LLC,Consumer Goods,Enterprise DTC,250
001000000000000032,Vantage Retail Co,Consumer Goods,Enterprise Omnichannel,1500
001000000000000033,North Brands Inc,Apparel & Footwear,3PL Partner,4000
001000000000000034,Anchor Supply Co,Apparel & Footwear,Mid-Market Retail,800
001000000000000035,Vantage Supply Co,Retail,Mid-Market Retail,4000
001000000000000036,Anchor Brands Inc,3PL / Logistics,3PL Partner,1500
001000000000000037,Vantage Brands Inc,Food & Beverage,Mid-Market Retail,800
001000000000000038,Anchor Goods Group,Food & Beverage,Mid-Market Retail,4000
001000000000000039,Anchor Brands Inc,Retail,Mid-Market Retail,12000
001000000000000040,Summit Goods Group,3PL / Logistics,3PL Partner,12000
