Campaign_ID,Campaign_Name,Campaign_Type,Channel,Parent_Campaign_ID,Start_Date,Cost
701000000000000001,Peak Season Playbook Download,Content Syndication,Paid,,2025-06-15,0
701000000000000002,On-Demand Warehousing ROI Calculator,Interactive Tool,Organic,,2025-07-22,0
701000000000000003,Flexible Warehousing 101 Webinar,Webinar,Event,,2025-11-30,0
701000000000000004,Spot Warehousing Index Report,Content Syndication,Organic,,2025-02-07,0
701000000000000005,MODEX Trade Show,Trade Show,Event,,2025-10-02,0
701000000000000006,ABM Direct Mail - Enterprise DTC,ABM Direct Mail,Partner,,2025-07-07,25000
701000000000000007,Case Study: Enterprise Overflow Program,Case Study,Organic,,2025-01-30,0
701000000000000008,Google Search - Warehousing Brand,Paid Search,Paid,,2025-09-17,0
701000000000000009,Google Search - Warehousing Non-Brand,Paid Search,Paid,,2025-01-20,0
701000000000000010,LinkedIn ABM Retargeting,Paid Social,Paid,,2025-08-11,12000
701000000000000011,Q3 Email Nurture - Overflow Storage,Email Nurture,Email,,2025-02-05,0
701000000000000012,Partner Referral - 3PL Network,Referral,Partner,,2025-05-04,0
701000000000000013,Analyst Report Syndication (Gartner),Content Syndication,Paid,,2025-10-10,12000
701000000000000014,Demo Request Landing Page,Demo Request,Direct,,2025-01-31,0
701000000000000015,Customer Reference Call Program,Reference Program,Direct,,2025-10-17,0
