Opportunity_ID,Campaign_ID,Is_Primary_Campaign_Source,Contact_ID
006000000000000001,701000000000000002,False,003000000000000002
006000000000000001,701000000000000010,True,003000000000000001
006000000000000001,701000000000000014,False,003000000000000002
006000000000000001,701000000000000011,False,003000000000000003
006000000000000001,701000000000000004,False,003000000000000003
006000000000000001,701000000000000003,False,003000000000000002
006000000000000002,701000000000000003,False,003000000000000006
006000000000000002,701000000000000004,True,003000000000000004
006000000000000003,701000000000000002,False,003000000000000008
006000000000000003,701000000000000012,True,003000000000000009
006000000000000003,701000000000000006,False,003000000000000010
006000000000000003,701000000000000014,False,003000000000000008
006000000000000003,701000000000000005,False,003000000000000007
006000000000000003,701000000000000003,False,003000000000000008
006000000000000004,701000000000000006,False,003000000000000011
006000000000000005,701000000000000002,False,003000000000000014
006000000000000005,701000000000000004,False,003000000000000016
006000000000000005,701000000000000011,False,003000000000000013
006000000000000005,701000000000000005,True,003000000000000016
006000000000000006,701000000000000001,True,003000000000000017
006000000000000006,701000000000000006,False,003000000000000018
006000000000000006,701000000000000009,False,003000000000000018
006000000000000006,701000000000000007,False,003000000000000018
006000000000000006,701000000000000005,False,003000000000000017
006000000000000006,701000000000000010,False,003000000000000017
006000000000000006,701000000000000003,False,003000000000000019
006000000000000006,701000000000000002,False,003000000000000017
006000000000000006,701000000000000014,False,003000000000000019
006000000000000007,701000000000000002,False,003000000000000020
006000000000000007,701000000000000007,True,003000000000000020
006000000000000007,701000000000000008,False,003000000000000020
006000000000000008,701000000000000008,False,003000000000000025
006000000000000008,701000000000000015,True,003000000000000023
006000000000000008,701000000000000014,False,003000000000000025
006000000000000009,701000000000000006,False,003000000000000027
006000000000000009,701000000000000007,True,003000000000000028
006000000000000009,701000000000000013,False,003000000000000027
006000000000000009,701000000000000005,False,003000000000000026
006000000000000009,701000000000000002,False,003000000000000026
006000000000000009,701000000000000003,False,003000000000000027
006000000000000009,701000000000000014,False,003000000000000028
006000000000000010,701000000000000001,False,003000000000000029
006000000000000010,701000000000000002,False,003000000000000030
006000000000000010,701000000000000007,True,003000000000000029
006000000000000010,701000000000000009,False,003000000000000029
006000000000000011,701000000000000001,False,003000000000000033
006000000000000011,701000000000000013,True,003000000000000031
006000000000000011,701000000000000005,False,003000000000000034
006000000000000011,701000000000000012,False,003000000000000034
006000000000000011,701000000000000009,False,003000000000000033
006000000000000011,701000000000000002,False,003000000000000032
006000000000000011,701000000000000003,False,003000000000000031
006000000000000011,701000000000000014,False,003000000000000034
006000000000000012,701000000000000006,False,003000000000000036
006000000000000012,701000000000000013,False,003000000000000036
006000000000000012,701000000000000014,False,003000000000000035
006000000000000012,701000000000000010,True,003000000000000036
006000000000000013,701000000000000014,True,003000000000000037
006000000000000013,701000000000000008,False,003000000000000037
006000000000000014,701000000000000010,False,003000000000000039
006000000000000014,701000000000000005,False,003000000000000039
006000000000000015,701000000000000010,True,003000000000000041
006000000000000015,701000000000000006,False,003000000000000043
006000000000000015,701000000000000008,False,003000000000000041
006000000000000015,701000000000000003,False,003000000000000042
006000000000000016,701000000000000003,False,003000000000000044
006000000000000016,701000000000000006,True,003000000000000046
006000000000000016,701000000000000007,False,003000000000000045
006000000000000016,701000000000000014,False,003000000000000044
006000000000000016,701000000000000002,False,003000000000000045
006000000000000017,701000000000000001,True,003000000000000050
006000000000000018,701000000000000007,False,003000000000000053
006000000000000018,701000000000000013,True,003000000000000052
006000000000000018,701000000000000005,False,003000000000000053
006000000000000019,701000000000000002,True,003000000000000054
006000000000000019,701000000000000012,False,003000000000000054
006000000000000019,701000000000000011,False,003000000000000054
006000000000000019,701000000000000008,False,003000000000000054
006000000000000020,701000000000000006,False,003000000000000055
006000000000000020,701000000000000003,False,003000000000000055
006000000000000020,701000000000000012,True,003000000000000056
006000000000000020,701000000000000001,False,003000000000000055
006000000000000020,701000000000000013,False,003000000000000056
006000000000000020,701000000000000002,False,003000000000000055
006000000000000020,701000000000000014,False,003000000000000055
006000000000000021,701000000000000007,True,003000000000000057
006000000000000022,701000000000000009,True,003000000000000058
006000000000000022,701000000000000003,False,003000000000000058
006000000000000022,701000000000000008,False,003000000000000058
006000000000000023,701000000000000014,False,003000000000000059
006000000000000023,701000000000000013,False,003000000000000059
006000000000000023,701000000000000007,False,003000000000000059
006000000000000023,701000000000000012,False,003000000000000060
006000000000000024,701000000000000012,True,003000000000000061
006000000000000024,701000000000000008,False,003000000000000063
006000000000000024,701000000000000004,False,003000000000000064
006000000000000024,701000000000000011,False,003000000000000064
006000000000000024,701000000000000003,False,003000000000000064
006000000000000024,701000000000000007,False,003000000000000063
006000000000000024,701000000000000009,False,003000000000000061
006000000000000024,701000000000000002,False,003000000000000061
006000000000000024,701000000000000014,False,003000000000000064
006000000000000025,701000000000000011,False,003000000000000068
006000000000000026,701000000000000003,False,003000000000000070
006000000000000026,701000000000000010,False,003000000000000069
006000000000000026,701000000000000011,False,003000000000000069
006000000000000027,701000000000000014,False,003000000000000072
006000000000000028,701000000000000014,False,003000000000000073
006000000000000028,701000000000000002,False,003000000000000073
006000000000000028,701000000000000003,True,003000000000000073
006000000000000028,701000000000000008,False,003000000000000073
006000000000000028,701000000000000001,False,003000000000000073
006000000000000029,701000000000000010,True,003000000000000074
006000000000000029,701000000000000007,False,003000000000000074
006000000000000029,701000000000000004,False,003000000000000074
006000000000000030,701000000000000009,False,003000000000000075
006000000000000030,701000000000000013,False,003000000000000075
006000000000000030,701000000000000006,True,003000000000000075
006000000000000030,701000000000000002,False,003000000000000075
006000000000000030,701000000000000003,False,003000000000000075
006000000000000030,701000000000000014,False,003000000000000075
006000000000000031,701000000000000003,False,003000000000000079
006000000000000031,701000000000000008,False,003000000000000079
006000000000000031,701000000000000015,True,003000000000000079
006000000000000031,701000000000000006,False,003000000000000078
006000000000000032,701000000000000004,False,003000000000000080
006000000000000032,701000000000000012,True,003000000000000080
006000000000000032,701000000000000001,False,003000000000000080
006000000000000033,701000000000000008,True,003000000000000081
006000000000000033,701000000000000001,False,003000000000000082
006000000000000033,701000000000000013,False,003000000000000083
006000000000000033,701000000000000009,False,003000000000000081
006000000000000033,701000000000000005,False,003000000000000081
006000000000000033,701000000000000002,False,003000000000000081
006000000000000033,701000000000000003,False,003000000000000083
006000000000000033,701000000000000014,False,003000000000000081
006000000000000034,701000000000000001,True,003000000000000085
006000000000000034,701000000000000013,False,003000000000000087
006000000000000034,701000000000000006,False,003000000000000086
006000000000000034,701000000000000014,False,003000000000000085
006000000000000035,701000000000000011,False,003000000000000090
006000000000000035,701000000000000007,True,003000000000000090
006000000000000036,701000000000000010,True,003000000000000092
006000000000000037,701000000000000008,False,003000000000000094
006000000000000038,701000000000000005,False,003000000000000097
006000000000000038,701000000000000009,False,003000000000000097
006000000000000038,701000000000000013,False,003000000000000097
006000000000000038,701000000000000015,True,003000000000000097
006000000000000039,701000000000000012,True,003000000000000098
006000000000000040,701000000000000009,False,003000000000000099
006000000000000040,701000000000000013,True,003000000000000100
