Opportunity_ID,Is_Won,Amount,Created_Date,Close_Date,Contact_ID,Campaign_ID,Campaign_Name,Campaign_Type,Channel,Touchpoint_Type,Touchpoint_Date,Days_Before_Close,Days_After_Created,Is_Before_Opp_Created
006000000000000001,True,60000,2025-05-30,2025-09-12,003000000000000001,701000000000000002,On-Demand Warehousing ROI Calculator,Interactive Tool,Organic,Landing Page Visit,2025-05-19 22:32:14,115,-11,True
006000000000000001,True,60000,2025-05-30,2025-09-12,003000000000000003,701000000000000002,On-Demand Warehousing ROI Calculator,Interactive Tool,Organic,Page Action,2025-07-16 15:34:05,57,47,False
006000000000000001,True,60000,2025-05-30,2025-09-12,003000000000000002,701000000000000010,LinkedIn ABM Retargeting,Paid Social,Paid,Landing Page Visit,2025-06-20 08:53:14,83,21,False
006000000000000001,True,60000,2025-05-30,2025-09-12,003000000000000001,701000000000000010,LinkedIn ABM Retargeting,Paid Social,Paid,Landing Page Visit,2025-07-27 18:01:35,46,58,False
006000000000000001,True,60000,2025-05-30,2025-09-12,003000000000000003,701000000000000014,Demo Request Landing Page,Demo Request,Direct,Demo Request,2025-06-07 12:27:13,96,8,False
006000000000000001,True,60000,2025-05-30,2025-09-12,003000000000000003,701000000000000011,Q3 Email Nurture - Overflow Storage,Email Nurture,Email,Email Click,2025-09-02 20:19:08,9,95,False
006000000000000001,True,60000,2025-05-30,2025-09-12,003000000000000003,701000000000000004,Spot Warehousing Index Report,Content Syndication,Organic,Form Submission,2025-08-22 16:36:35,20,84,False
006000000000000001,True,60000,2025-05-30,2025-09-12,003000000000000002,701000000000000004,Spot Warehousing Index Report,Content Syndication,Organic,Form Submission,2025-07-08 17:15:41,65,39,False
006000000000000001,True,60000,2025-05-30,2025-09-12,003000000000000002,701000000000000003,Flexible Warehousing 101 Webinar,Webinar,Event,Webinar Registration,2025-08-14 12:38:02,28,76,False
006000000000000001,True,60000,2025-05-30,2025-09-12,003000000000000003,701000000000000003,Flexible Warehousing 101 Webinar,Webinar,Event,Webinar Registration,2025-06-09 22:14:34,94,10,False
006000000000000001,True,60000,2025-05-30,2025-09-12,003000000000000001,701000000000000003,Flexible Warehousing 101 Webinar,Webinar,Event,Webinar Registration,2025-06-25 10:27:54,78,26,False
006000000000000002,False,120000,2025-03-13,2025-11-07,003000000000000004,701000000000000003,Flexible Warehousing 101 Webinar,Webinar,Event,Webinar Attendance,2025-05-19 09:33:58,171,67,False
006000000000000002,False,120000,2025-03-13,2025-11-07,003000000000000006,701000000000000003,Flexible Warehousing 101 Webinar,Webinar,Event,Webinar Attendance,2025-06-24 19:27:49,135,103,False
006000000000000002,False,120000,2025-03-13,2025-11-07,003000000000000005,701000000000000003,Flexible Warehousing 101 Webinar,Webinar,Event,Webinar Registration,2025-08-05 04:34:08,93,145,False
006000000000000002,False,120000,2025-03-13,2025-11-07,003000000000000005,701000000000000004,Spot Warehousing Index Report,Content Syndication,Organic,Content Download,2025-03-27 17:31:54,224,14,False
006000000000000002,False,120000,2025-03-13,2025-11-07,003000000000000006,701000000000000004,Spot Warehousing Index Report,Content Syndication,Organic,Content Download,2025-03-24 07:36:03,227,11,False
006000000000000002,False,120000,2025-03-13,2025-11-07,003000000000000004,701000000000000004,Spot Warehousing Index Report,Content Syndication,Organic,Form Submission,2025-06-05 21:52:18,154,84,False
006000000000000003,True,90000,2025-04-07,2025-10-21,003000000000000008,701000000000000002,On-Demand Warehousing ROI Calculator,Interactive Tool,Organic,Landing Page Visit,2025-07-21 13:10:15,91,105,False
006000000000000003,True,90000,2025-04-07,2025-10-21,003000000000000009,701000000000000002,On-Demand Warehousing ROI Calculator,Interactive Tool,Organic,Page Action,2025-03-15 19:13:40,219,-23,True
006000000000000003,True,90000,2025-04-07,2025-10-21,003000000000000007,701000000000000002,On-Demand Warehousing ROI Calculator,Interactive Tool,Organic,Page Action,2025-10-18 09:30:24,2,194,False
006000000000000003,True,90000,2025-04-07,2025-10-21,003000000000000010,701000000000000002,On-Demand Warehousing ROI Calculator,Interactive Tool,Organic,Page Action,2025-10-10 08:06:41,10,186,False
006000000000000003,True,90000,2025-04-07,2025-10-21,003000000000000010,701000000000000012,Partner Referral - 3PL Network,Referral,Partner,Form Submission,2025-05-10 07:16:43,163,33,False
006000000000000003,True,90000,2025-04-07,2025-10-21,003000000000000009,701000000000000012,Partner Referral - 3PL Network,Referral,Partner,Form Submission,2025-03-22 01:01:01,212,-16,True
006000000000000003,True,90000,2025-04-07,2025-10-21,003000000000000009,701000000000000006,ABM Direct Mail - Enterprise DTC,ABM Direct Mail,Partner,Page Action,2025-06-01 17:06:54,141,55,False
006000000000000003,True,90000,2025-04-07,2025-10-21,003000000000000008,701000000000000006,ABM Direct Mail - Enterprise DTC,ABM Direct Mail,Partner,Page Action,2025-08-02 22:43:17,79,117,False
006000000000000003,True,90000,2025-04-07,2025-10-21,003000000000000007,701000000000000006,ABM Direct Mail - Enterprise DTC,ABM Direct Mail,Partner,Page Action,2025-08-23 12:31:29,58,138,False
006000000000000003,True,90000,2025-04-07,2025-10-21,003000000000000010,701000000000000006,ABM Direct Mail - Enterprise DTC,ABM Direct Mail,Partner,Page Action,2025-06-16 07:15:25,126,70,False
006000000000000003,True,90000,2025-04-07,2025-10-21,003000000000000007,701000000000000014,Demo Request Landing Page,Demo Request,Direct,Demo Request,2025-07-04 03:05:30,108,88,False
006000000000000003,True,90000,2025-04-07,2025-10-21,003000000000000009,701000000000000014,Demo Request Landing Page,Demo Request,Direct,Demo Request,2025-04-10 05:30:11,193,3,False
006000000000000003,True,90000,2025-04-07,2025-10-21,003000000000000008,701000000000000014,Demo Request Landing Page,Demo Request,Direct,Demo Request,2025-10-16 21:41:41,4,192,False
006000000000000003,True,90000,2025-04-07,2025-10-21,003000000000000007,701000000000000005,MODEX Trade Show,Trade Show,Event,Form Submission,2025-09-14 23:39:14,36,160,False
006000000000000003,True,90000,2025-04-07,2025-10-21,003000000000000010,701000000000000005,MODEX Trade Show,Trade Show,Event,Form Submission,2025-04-19 15:47:40,184,12,False
006000000000000003,True,90000,2025-04-07,2025-10-21,003000000000000008,701000000000000003,Flexible Warehousing 101 Webinar,Webinar,Event,Webinar Attendance,2025-08-11 11:52:08,70,126,False
006000000000000003,True,90000,2025-04-07,2025-10-21,003000000000000010,701000000000000003,Flexible Warehousing 101 Webinar,Webinar,Event,Webinar Attendance,2025-04-27 02:13:02,176,20,False
006000000000000003,True,90000,2025-04-07,2025-10-21,003000000000000007,701000000000000003,Flexible Warehousing 101 Webinar,Webinar,Event,Webinar Attendance,2025-08-13 18:48:52,68,128,False
006000000000000004,False,60000,2025-01-02,2025-07-24,003000000000000011,701000000000000006,ABM Direct Mail - Enterprise DTC,ABM Direct Mail,Partner,Page Action,2025-02-12 10:04:56,161,41,False
006000000000000004,False,60000,2025-01-02,2025-07-24,003000000000000012,701000000000000006,ABM Direct Mail - Enterprise DTC,ABM Direct Mail,Partner,Page Action,2025-04-11 20:27:06,103,99,False
006000000000000005,False,60000,2025-08-13,2026-04-09,003000000000000014,701000000000000002,On-Demand Warehousing ROI Calculator,Interactive Tool,Organic,Page Action,2026-01-17 05:12:20,81,157,False
006000000000000005,False,60000,2025-08-13,2026-04-09,003000000000000016,701000000000000004,Spot Warehousing Index Report,Content Syndication,Organic,Form Submission,2026-03-22 05:55:37,17,221,False
006000000000000005,False,60000,2025-08-13,2026-04-09,003000000000000016,701000000000000011,Q3 Email Nurture - Overflow Storage,Email Nurture,Email,Email Open,2025-08-26 13:19:26,225,13,False
006000000000000005,False,60000,2025-08-13,2026-04-09,003000000000000013,701000000000000011,Q3 Email Nurture - Overflow Storage,Email Nurture,Email,Email Open,2026-03-18 16:02:11,21,217,False
006000000000000005,False,60000,2025-08-13,2026-04-09,003000000000000014,701000000000000011,Q3 Email Nurture - Overflow Storage,Email Nurture,Email,Email Click,2025-12-13 22:42:59,116,122,False
006000000000000005,False,60000,2025-08-13,2026-04-09,003000000000000013,701000000000000005,MODEX Trade Show,Trade Show,Event,Form Submission,2025-10-13 01:26:28,177,61,False
006000000000000005,False,60000,2025-08-13,2026-04-09,003000000000000016,701000000000000005,MODEX Trade Show,Trade Show,Event,Page Action,2025-09-24 15:22:25,196,42,False
006000000000000006,True,45000,2025-08-29,2026-01-01,003000000000000019,701000000000000001,Peak Season Playbook Download,Content Syndication,Paid,Form Submission,2025-10-07 03:59:06,85,39,False
006000000000000006,True,45000,2025-08-29,2026-01-01,003000000000000019,701000000000000006,ABM Direct Mail - Enterprise DTC,ABM Direct Mail,Partner,Page Action,2025-10-04 10:33:25,88,36,False
006000000000000006,True,45000,2025-08-29,2026-01-01,003000000000000018,701000000000000006,ABM Direct Mail - Enterprise DTC,ABM Direct Mail,Partner,Page Action,2025-09-22 09:50:57,100,24,False
006000000000000006,True,45000,2025-08-29,2026-01-01,003000000000000017,701000000000000009,Google Search - Warehousing Non-Brand,Paid Search,Paid,Landing Page Visit,2025-11-30 18:24:37,31,93,False
006000000000000006,True,45000,2025-08-29,2026-01-01,003000000000000018,701000000000000007,Case Study: Enterprise Overflow Program,Case Study,Organic,Landing Page Visit,2025-12-14 23:54:10,17,107,False
006000000000000006,True,45000,2025-08-29,2026-01-01,003000000000000018,701000000000000005,MODEX Trade Show,Trade Show,Event,Form Submission,2025-10-08 23:09:18,84,40,False
006000000000000006,True,45000,2025-08-29,2026-01-01,003000000000000017,701000000000000005,MODEX Trade Show,Trade Show,Event,Form Submission,2025-08-31 04:43:35,122,2,False
006000000000000006,True,45000,2025-08-29,2026-01-01,003000000000000019,701000000000000005,MODEX Trade Show,Trade Show,Event,Form Submission,2025-10-13 15:40:58,79,45,False
006000000000000006,True,45000,2025-08-29,2026-01-01,003000000000000018,701000000000000010,LinkedIn ABM Retargeting,Paid Social,Paid,Landing Page Visit,2025-10-21 01:38:49,71,53,False
006000000000000006,True,45000,2025-08-29,2026-01-01,003000000000000019,701000000000000010,LinkedIn ABM Retargeting,Paid Social,Paid,Landing Page Visit,2025-10-31 16:13:55,61,63,False
006000000000000006,True,45000,2025-08-29,2026-01-01,003000000000000017,701000000000000010,LinkedIn ABM Retargeting,Paid Social,Paid,Landing Page Visit,2025-11-10 19:55:06,51,73,False
006000000000000006,True,45000,2025-08-29,2026-01-01,003000000000000017,701000000000000003,Flexible Warehousing 101 Webinar,Webinar,Event,Webinar Attendance,2025-08-24 12:12:32,129,-5,True
006000000000000006,True,45000,2025-08-29,2026-01-01,003000000000000018,701000000000000003,Flexible Warehousing 101 Webinar,Webinar,Event,Webinar Registration,2025-10-24 18:18:18,68,56,False
006000000000000006,True,45000,2025-08-29,2026-01-01,003000000000000017,701000000000000002,On-Demand Warehousing ROI Calculator,Interactive Tool,Organic,Page Action,2025-09-12 05:14:16,110,14,False
006000000000000006,True,45000,2025-08-29,2026-01-01,003000000000000017,701000000000000014,Demo Request Landing Page,Demo Request,Direct,Demo Request,2025-10-18 03:04:33,74,50,False
006000000000000006,True,45000,2025-08-29,2026-01-01,003000000000000018,701000000000000014,Demo Request Landing Page,Demo Request,Direct,Demo Request,2025-11-08 17:59:34,53,71,False
006000000000000007,False,250000,2025-07-12,2025-11-04,003000000000000020,701000000000000002,On-Demand Warehousing ROI Calculator,Interactive Tool,Organic,Page Action,2025-08-23 17:48:52,72,42,False
006000000000000007,False,250000,2025-07-12,2025-11-04,003000000000000020,701000000000000007,Case Study: Enterprise Overflow Program,Case Study,Organic,Content Download,2025-10-18 09:10:55,16,98,False
006000000000000007,False,250000,2025-07-12,2025-11-04,003000000000000021,701000000000000008,Google Search - Warehousing Brand,Paid Search,Paid,Form Submission,2025-10-02 02:47:38,32,82,False
006000000000000008,False,45000,2025-06-09,2025-12-06,003000000000000023,701000000000000008,Google Search - Warehousing Brand,Paid Search,Paid,Landing Page Visit,2025-06-21 17:13:09,167,12,False
006000000000000008,False,45000,2025-06-09,2025-12-06,003000000000000025,701000000000000015,Customer Reference Call Program,Reference Program,Direct,Page Action,2025-11-02 03:17:16,33,146,False
006000000000000008,False,45000,2025-06-09,2025-12-06,003000000000000022,701000000000000015,Customer Reference Call Program,Reference Program,Direct,Page Action,2025-09-01 04:49:40,95,84,False
006000000000000008,False,45000,2025-06-09,2025-12-06,003000000000000024,701000000000000015,Customer Reference Call Program,Reference Program,Direct,Page Action,2025-08-19 08:25:27,108,71,False
006000000000000008,False,45000,2025-06-09,2025-12-06,003000000000000025,701000000000000014,Demo Request Landing Page,Demo Request,Direct,Demo Request,2025-09-11 14:45:39,85,94,False
006000000000000009,True,45000,2025-08-03,2025-11-26,003000000000000027,701000000000000006,ABM Direct Mail - Enterprise DTC,ABM Direct Mail,Partner,Page Action,2025-08-06 10:23:57,111,3,False
006000000000000009,True,45000,2025-08-03,2025-11-26,003000000000000027,701000000000000007,Case Study: Enterprise Overflow Program,Case Study,Organic,Landing Page Visit,2025-10-26 01:03:22,30,84,False
006000000000000009,True,45000,2025-08-03,2025-11-26,003000000000000026,701000000000000007,Case Study: Enterprise Overflow Program,Case Study,Organic,Content Download,2025-09-07 02:56:01,79,35,False
006000000000000009,True,45000,2025-08-03,2025-11-26,003000000000000028,701000000000000007,Case Study: Enterprise Overflow Program,Case Study,Organic,Landing Page Visit,2025-08-24 23:27:54,93,21,False
006000000000000009,True,45000,2025-08-03,2025-11-26,003000000000000026,701000000000000013,Analyst Report Syndication (Gartner),Content Syndication,Paid,Content Download,2025-11-02 12:30:44,23,91,False
006000000000000009,True,45000,2025-08-03,2025-11-26,003000000000000028,701000000000000005,MODEX Trade Show,Trade Show,Event,Page Action,2025-09-13 10:57:11,73,41,False
006000000000000009,True,45000,2025-08-03,2025-11-26,003000000000000027,701000000000000005,MODEX Trade Show,Trade Show,Event,Form Submission,2025-10-21 04:21:34,35,79,False
006000000000000009,True,45000,2025-08-03,2025-11-26,003000000000000026,701000000000000005,MODEX Trade Show,Trade Show,Event,Page Action,2025-08-27 18:13:35,90,24,False
006000000000000009,True,45000,2025-08-03,2025-11-26,003000000000000027,701000000000000002,On-Demand Warehousing ROI Calculator,Interactive Tool,Organic,Landing Page Visit,2025-08-25 19:56:39,92,22,False
006000000000000009,True,45000,2025-08-03,2025-11-26,003000000000000028,701000000000000002,On-Demand Warehousing ROI Calculator,Interactive Tool,Organic,Landing Page Visit,2025-08-23 12:27:00,94,20,False
006000000000000009,True,45000,2025-08-03,2025-11-26,003000000000000027,701000000000000003,Flexible Warehousing 101 Webinar,Webinar,Event,Webinar Attendance,2025-07-11 15:01:44,137,-23,True
006000000000000009,True,45000,2025-08-03,2025-11-26,003000000000000026,701000000000000003,Flexible Warehousing 101 Webinar,Webinar,Event,Webinar Attendance,2025-11-22 07:38:45,3,111,False
006000000000000009,True,45000,2025-08-03,2025-11-26,003000000000000027,701000000000000014,Demo Request Landing Page,Demo Request,Direct,Demo Request,2025-10-07 13:06:44,49,65,False
006000000000000010,False,45000,2025-04-21,2025-12-08,003000000000000030,701000000000000001,Peak Season Playbook Download,Content Syndication,Paid,Form Submission,2025-05-21 08:08:53,200,30,False
006000000000000010,False,45000,2025-04-21,2025-12-08,003000000000000029,701000000000000001,Peak Season Playbook Download,Content Syndication,Paid,Content Download,2025-09-26 03:57:52,72,158,False
006000000000000010,False,45000,2025-04-21,2025-12-08,003000000000000029,701000000000000002,On-Demand Warehousing ROI Calculator,Interactive Tool,Organic,Page Action,2025-09-06 01:22:07,92,138,False
006000000000000010,False,45000,2025-04-21,2025-12-08,003000000000000029,701000000000000007,Case Study: Enterprise Overflow Program,Case Study,Organic,Content Download,2025-07-04 19:05:38,156,74,False
006000000000000010,False,45000,2025-04-21,2025-12-08,003000000000000030,701000000000000009,Google Search - Warehousing Non-Brand,Paid Search,Paid,Landing Page Visit,2025-06-17 11:31:05,173,57,False
006000000000000011,True,60000,2025-05-08,2025-12-13,003000000000000032,701000000000000001,Peak Season Playbook Download,Content Syndication,Paid,Form Submission,2025-06-13 11:20:57,182,36,False
006000000000000011,True,60000,2025-05-08,2025-12-13,003000000000000031,701000000000000013,Analyst Report Syndication (Gartner),Content Syndication,Paid,Content Download,2025-06-05 08:07:51,190,28,False
006000000000000011,True,60000,2025-05-08,2025-12-13,003000000000000033,701000000000000013,Analyst Report Syndication (Gartner),Content Syndication,Paid,Form Submission,2025-09-26 02:03:14,77,141,False
006000000000000011,True,60000,2025-05-08,2025-12-13,003000000000000032,701000000000000013,Analyst Report Syndication (Gartner),Content Syndication,Paid,Form Submission,2025-06-30 00:51:37,165,53,False
006000000000000011,True,60000,2025-05-08,2025-12-13,003000000000000034,701000000000000005,MODEX Trade Show,Trade Show,Event,Form Submission,2025-10-09 11:26:22,64,154,False
006000000000000011,True,60000,2025-05-08,2025-12-13,003000000000000032,701000000000000005,MODEX Trade Show,Trade Show,Event,Form Submission,2025-05-21 11:59:14,205,13,False
006000000000000011,True,60000,2025-05-08,2025-12-13,003000000000000033,701000000000000012,Partner Referral - 3PL Network,Referral,Partner,Form Submission,2025-10-19 13:47:06,54,164,False
006000000000000011,True,60000,2025-05-08,2025-12-13,003000000000000031,701000000000000009,Google Search - Warehousing Non-Brand,Paid Search,Paid,Form Submission,2025-07-16 02:56:25,149,69,False
006000000000000011,True,60000,2025-05-08,2025-12-13,003000000000000034,701000000000000009,Google Search - Warehousing Non-Brand,Paid Search,Paid,Landing Page Visit,2025-11-20 04:30:14,22,196,False
006000000000000011,True,60000,2025-05-08,2025-12-13,003000000000000034,701000000000000002,On-Demand Warehousing ROI Calculator,Interactive Tool,Organic,Page Action,2025-08-15 07:07:32,119,99,False
006000000000000011,True,60000,2025-05-08,2025-12-13,003000000000000031,701000000000000002,On-Demand Warehousing ROI Calculator,Interactive Tool,Organic,Page Action,2025-08-01 07:01:40,133,85,False
006000000000000011,True,60000,2025-05-08,2025-12-13,003000000000000033,701000000000000002,On-Demand Warehousing ROI Calculator,Interactive Tool,Organic,Landing Page Visit,2025-11-30 17:16:38,12,206,False
006000000000000011,True,60000,2025-05-08,2025-12-13,003000000000000031,701000000000000003,Flexible Warehousing 101 Webinar,Webinar,Event,Webinar Attendance,2025-11-27 02:15:26,15,203,False
006000000000000011,True,60000,2025-05-08,2025-12-13,003000000000000032,701000000000000003,Flexible Warehousing 101 Webinar,Webinar,Event,Webinar Attendance,2025-05-01 22:02:59,225,-7,True
006000000000000011,True,60000,2025-05-08,2025-12-13,003000000000000034,701000000000000003,Flexible Warehousing 101 Webinar,Webinar,Event,Webinar Registration,2025-07-24 22:27:48,141,77,False
006000000000000011,True,60000,2025-05-08,2025-12-13,003000000000000033,701000000000000003,Flexible Warehousing 101 Webinar,Webinar,Event,Webinar Attendance,2025-10-15 11:31:22,58,160,False
006000000000000011,True,60000,2025-05-08,2025-12-13,003000000000000031,701000000000000014,Demo Request Landing Page,Demo Request,Direct,Demo Request,2025-06-10 03:54:18,185,33,False
006000000000000012,False,90000,2025-07-25,2025-12-20,003000000000000035,701000000000000006,ABM Direct Mail - Enterprise DTC,ABM Direct Mail,Partner,Page Action,2025-08-22 09:00:15,119,28,False
006000000000000012,False,90000,2025-07-25,2025-12-20,003000000000000035,701000000000000013,Analyst Report Syndication (Gartner),Content Syndication,Paid,Content Download,2025-07-23 02:37:38,149,-2,True
006000000000000012,False,90000,2025-07-25,2025-12-20,003000000000000036,701000000000000013,Analyst Report Syndication (Gartner),Content Syndication,Paid,Content Download,2025-09-14 03:30:38,96,51,False
006000000000000012,False,90000,2025-07-25,2025-12-20,003000000000000035,701000000000000014,Demo Request Landing Page,Demo Request,Direct,Demo Request,2025-11-04 16:46:54,45,102,False
006000000000000012,False,90000,2025-07-25,2025-12-20,003000000000000036,701000000000000010,LinkedIn ABM Retargeting,Paid Social,Paid,Landing Page Visit,2025-09-13 13:34:46,97,50,False
006000000000000012,False,90000,2025-07-25,2025-12-20,003000000000000035,701000000000000010,LinkedIn ABM Retargeting,Paid Social,Paid,Landing Page Visit,2025-11-08 09:00:31,41,106,False
006000000000000013,False,45000,2025-05-15,2025-11-20,003000000000000037,701000000000000014,Demo Request Landing Page,Demo Request,Direct,Demo Request,2025-07-01 08:28:45,141,47,False
006000000000000013,False,45000,2025-05-15,2025-11-20,003000000000000037,701000000000000008,Google Search - Warehousing Brand,Paid Search,Paid,Form Submission,2025-06-13 16:21:06,159,29,False
006000000000000014,False,45000,2025-02-22,2025-10-25,003000000000000038,701000000000000010,LinkedIn ABM Retargeting,Paid Social,Paid,Landing Page Visit,2025-09-12 18:02:42,42,202,False
006000000000000014,False,45000,2025-02-22,2025-10-25,003000000000000038,701000000000000005,MODEX Trade Show,Trade Show,Event,Page Action,2025-04-26 14:28:56,181,63,False
006000000000000015,False,60000,2025-01-05,2025-09-21,003000000000000040,701000000000000010,LinkedIn ABM Retargeting,Paid Social,Paid,Landing Page Visit,2025-03-01 23:19:33,203,55,False
006000000000000015,False,60000,2025-01-05,2025-09-21,003000000000000043,701000000000000010,LinkedIn ABM Retargeting,Paid Social,Paid,Landing Page Visit,2025-06-25 18:22:00,87,171,False
006000000000000015,False,60000,2025-01-05,2025-09-21,003000000000000040,701000000000000006,ABM Direct Mail - Enterprise DTC,ABM Direct Mail,Partner,Page Action,2025-09-01 07:11:05,19,239,False
006000000000000015,False,60000,2025-01-05,2025-09-21,003000000000000043,701000000000000006,ABM Direct Mail - Enterprise DTC,ABM Direct Mail,Partner,Page Action,2025-01-01 17:34:33,262,-4,True
006000000000000015,False,60000,2025-01-05,2025-09-21,003000000000000041,701000000000000008,Google Search - Warehousing Brand,Paid Search,Paid,Form Submission,2025-04-08 22:36:42,165,93,False
006000000000000015,False,60000,2025-01-05,2025-09-21,003000000000000041,701000000000000003,Flexible Warehousing 101 Webinar,Webinar,Event,Webinar Attendance,2025-09-15 05:41:50,5,253,False
006000000000000015,False,60000,2025-01-05,2025-09-21,003000000000000042,701000000000000003,Flexible Warehousing 101 Webinar,Webinar,Event,Webinar Registration,2025-03-19 08:59:42,185,73,False
006000000000000015,False,60000,2025-01-05,2025-09-21,003000000000000043,701000000000000003,Flexible Warehousing 101 Webinar,Webinar,Event,Webinar Attendance,2025-08-14 20:01:36,37,221,False
006000000000000016,True,120000,2025-01-06,2025-04-09,003000000000000047,701000000000000003,Flexible Warehousing 101 Webinar,Webinar,Event,Webinar Registration,2025-02-24 23:55:26,43,49,False
006000000000000016,True,120000,2025-01-06,2025-04-09,003000000000000044,701000000000000006,ABM Direct Mail - Enterprise DTC,ABM Direct Mail,Partner,Page Action,2025-03-27 04:57:30,12,80,False
006000000000000016,True,120000,2025-01-06,2025-04-09,003000000000000047,701000000000000006,ABM Direct Mail - Enterprise DTC,ABM Direct Mail,Partner,Page Action,2025-03-21 03:59:23,18,74,False
006000000000000016,True,120000,2025-01-06,2025-04-09,003000000000000045,701000000000000006,ABM Direct Mail - Enterprise DTC,ABM Direct Mail,Partner,Page Action,2025-02-09 10:28:53,58,34,False
006000000000000016,True,120000,2025-01-06,2025-04-09,003000000000000045,701000000000000007,Case Study: Enterprise Overflow Program,Case Study,Organic,Content Download,2025-03-23 16:37:01,16,76,False
006000000000000016,True,120000,2025-01-06,2025-04-09,003000000000000047,701000000000000007,Case Study: Enterprise Overflow Program,Case Study,Organic,Landing Page Visit,2025-02-20 07:35:05,47,45,False
006000000000000016,True,120000,2025-01-06,2025-04-09,003000000000000046,701000000000000007,Case Study: Enterprise Overflow Program,Case Study,Organic,Landing Page Visit,2025-01-20 11:37:02,78,14,False
006000000000000016,True,120000,2025-01-06,2025-04-09,003000000000000047,701000000000000014,Demo Request Landing Page,Demo Request,Direct,Demo Request,2025-01-21 11:56:08,77,15,False
006000000000000016,True,120000,2025-01-06,2025-04-09,003000000000000044,701000000000000014,Demo Request Landing Page,Demo Request,Direct,Demo Request,2025-03-22 09:37:27,17,75,False
006000000000000016,True,120000,2025-01-06,2025-04-09,003000000000000047,701000000000000002,On-Demand Warehousing ROI Calculator,Interactive Tool,Organic,Page Action,2025-03-07 22:55:46,32,60,False
006000000000000016,True,120000,2025-01-06,2025-04-09,003000000000000046,701000000000000002,On-Demand Warehousing ROI Calculator,Interactive Tool,Organic,Landing Page Visit,2025-02-15 13:25:58,52,40,False
006000000000000016,True,120000,2025-01-06,2025-04-09,003000000000000044,701000000000000002,On-Demand Warehousing ROI Calculator,Interactive Tool,Organic,Page Action,2025-04-03 02:57:47,5,87,False
006000000000000017,False,120000,2025-07-11,2026-01-28,003000000000000050,701000000000000001,Peak Season Playbook Download,Content Syndication,Paid,Content Download,2025-07-29 19:02:42,182,18,False
006000000000000018,False,60000,2025-01-04,2025-07-09,003000000000000052,701000000000000007,Case Study: Enterprise Overflow Program,Case Study,Organic,Landing Page Visit,2025-05-07 12:45:18,62,123,False
006000000000000018,False,60000,2025-01-04,2025-07-09,003000000000000052,701000000000000013,Analyst Report Syndication (Gartner),Content Syndication,Paid,Form Submission,2024-12-07 01:36:07,213,-28,True
006000000000000018,False,60000,2025-01-04,2025-07-09,003000000000000052,701000000000000005,MODEX Trade Show,Trade Show,Event,Form Submission,2025-01-29 00:26:58,160,25,False
006000000000000019,False,250000,2025-06-10,2026-02-17,003000000000000054,701000000000000002,On-Demand Warehousing ROI Calculator,Interactive Tool,Organic,Landing Page Visit,2025-10-18 08:27:27,121,130,False
006000000000000019,False,250000,2025-06-10,2026-02-17,003000000000000054,701000000000000012,Partner Referral - 3PL Network,Referral,Partner,Form Submission,2025-12-30 19:03:02,48,203,False
006000000000000019,False,250000,2025-06-10,2026-02-17,003000000000000054,701000000000000011,Q3 Email Nurture - Overflow Storage,Email Nurture,Email,Email Open,2025-10-16 08:35:47,123,128,False
006000000000000019,False,250000,2025-06-10,2026-02-17,003000000000000054,701000000000000008,Google Search - Warehousing Brand,Paid Search,Paid,Form Submission,2025-09-30 13:48:55,139,112,False
006000000000000020,True,60000,2025-05-30,2025-12-20,003000000000000055,701000000000000006,ABM Direct Mail - Enterprise DTC,ABM Direct Mail,Partner,Page Action,2025-10-19 23:04:43,61,142,False
006000000000000020,True,60000,2025-05-30,2025-12-20,003000000000000055,701000000000000003,Flexible Warehousing 101 Webinar,Webinar,Event,Webinar Registration,2025-12-10 13:58:31,9,194,False
006000000000000020,True,60000,2025-05-30,2025-12-20,003000000000000056,701000000000000003,Flexible Warehousing 101 Webinar,Webinar,Event,Webinar Registration,2025-07-15 04:04:36,157,46,False
006000000000000020,True,60000,2025-05-30,2025-12-20,003000000000000056,701000000000000012,Partner Referral - 3PL Network,Referral,Partner,Form Submission,2025-06-20 23:31:54,182,21,False
006000000000000020,True,60000,2025-05-30,2025-12-20,003000000000000055,701000000000000012,Partner Referral - 3PL Network,Referral,Partner,Form Submission,2025-08-14 15:25:43,127,76,False
006000000000000020,True,60000,2025-05-30,2025-12-20,003000000000000056,701000000000000001,Peak Season Playbook Download,Content Syndication,Paid,Content Download,2025-07-22 21:55:06,150,53,False
006000000000000020,True,60000,2025-05-30,2025-12-20,003000000000000055,701000000000000013,Analyst Report Syndication (Gartner),Content Syndication,Paid,Content Download,2025-11-27 03:34:44,22,181,False
006000000000000020,True,60000,2025-05-30,2025-12-20,003000000000000056,701000000000000013,Analyst Report Syndication (Gartner),Content Syndication,Paid,Form Submission,2025-05-20 19:35:01,213,-10,True
006000000000000020,True,60000,2025-05-30,2025-12-20,003000000000000056,701000000000000002,On-Demand Warehousing ROI Calculator,Interactive Tool,Organic,Page Action,2025-10-11 07:21:21,69,134,False
006000000000000020,True,60000,2025-05-30,2025-12-20,003000000000000056,701000000000000014,Demo Request Landing Page,Demo Request,Direct,Demo Request,2025-11-08 06:43:05,41,162,False
006000000000000020,True,60000,2025-05-30,2025-12-20,003000000000000055,701000000000000014,Demo Request Landing Page,Demo Request,Direct,Demo Request,2025-12-17 18:45:20,2,201,False
006000000000000021,False,250000,2025-08-29,2026-02-17,003000000000000057,701000000000000007,Case Study: Enterprise Overflow Program,Case Study,Organic,Landing Page Visit,2026-01-28 00:54:59,19,152,False
006000000000000022,False,180000,2025-06-02,2025-11-20,003000000000000058,701000000000000009,Google Search - Warehousing Non-Brand,Paid Search,Paid,Landing Page Visit,2025-09-08 09:21:53,72,98,False
006000000000000022,False,180000,2025-06-02,2025-11-20,003000000000000058,701000000000000008,Google Search - Warehousing Brand,Paid Search,Paid,Landing Page Visit,2025-07-27 11:56:41,115,55,False
006000000000000023,False,90000,2025-04-22,2025-10-18,003000000000000060,701000000000000014,Demo Request Landing Page,Demo Request,Direct,Demo Request,2025-04-13 05:09:47,187,-9,True
006000000000000023,False,90000,2025-04-22,2025-10-18,003000000000000060,701000000000000013,Analyst Report Syndication (Gartner),Content Syndication,Paid,Content Download,2025-08-24 21:23:15,54,124,False
006000000000000023,False,90000,2025-04-22,2025-10-18,003000000000000059,701000000000000007,Case Study: Enterprise Overflow Program,Case Study,Organic,Landing Page Visit,2025-07-27 11:23:47,82,96,False
006000000000000023,False,90000,2025-04-22,2025-10-18,003000000000000059,701000000000000012,Partner Referral - 3PL Network,Referral,Partner,Form Submission,2025-07-12 17:34:34,97,81,False
006000000000000023,False,90000,2025-04-22,2025-10-18,003000000000000060,701000000000000012,Partner Referral - 3PL Network,Referral,Partner,Form Submission,2025-07-16 18:52:08,93,85,False
006000000000000024,True,180000,2025-05-13,2025-11-27,003000000000000063,701000000000000012,Partner Referral - 3PL Network,Referral,Partner,Form Submission,2025-05-07 09:11:30,203,-6,True
006000000000000024,True,180000,2025-05-13,2025-11-27,003000000000000064,701000000000000008,Google Search - Warehousing Brand,Paid Search,Paid,Form Submission,2025-07-30 22:53:07,119,78,False
006000000000000024,True,180000,2025-05-13,2025-11-27,003000000000000062,701000000000000004,Spot Warehousing Index Report,Content Syndication,Organic,Form Submission,2025-11-09 14:34:51,17,180,False
006000000000000024,True,180000,2025-05-13,2025-11-27,003000000000000062,701000000000000011,Q3 Email Nurture - Overflow Storage,Email Nurture,Email,Email Open,2025-10-29 02:30:30,28,169,False
006000000000000024,True,180000,2025-05-13,2025-11-27,003000000000000061,701000000000000011,Q3 Email Nurture - Overflow Storage,Email Nurture,Email,Email Open,2025-09-13 08:13:40,74,123,False
006000000000000024,True,180000,2025-05-13,2025-11-27,003000000000000063,701000000000000003,Flexible Warehousing 101 Webinar,Webinar,Event,Webinar Attendance,2025-11-18 08:23:26,8,189,False
006000000000000024,True,180000,2025-05-13,2025-11-27,003000000000000064,701000000000000003,Flexible Warehousing 101 Webinar,Webinar,Event,Webinar Registration,2025-06-25 15:30:50,154,43,False
006000000000000024,True,180000,2025-05-13,2025-11-27,003000000000000061,701000000000000003,Flexible Warehousing 101 Webinar,Webinar,Event,Webinar Attendance,2025-11-13 10:14:18,13,184,False
006000000000000024,True,180000,2025-05-13,2025-11-27,003000000000000062,701000000000000003,Flexible Warehousing 101 Webinar,Webinar,Event,Webinar Attendance,2025-07-09 11:39:45,140,57,False
006000000000000024,True,180000,2025-05-13,2025-11-27,003000000000000063,701000000000000007,Case Study: Enterprise Overflow Program,Case Study,Organic,Content Download,2025-07-25 14:01:17,124,73,False
006000000000000024,True,180000,2025-05-13,2025-11-27,003000000000000063,701000000000000009,Google Search - Warehousing Non-Brand,Paid Search,Paid,Landing Page Visit,2025-04-28 23:55:54,212,-15,True
006000000000000024,True,180000,2025-05-13,2025-11-27,003000000000000064,701000000000000009,Google Search - Warehousing Non-Brand,Paid Search,Paid,Form Submission,2025-05-01 23:52:57,209,-12,True
006000000000000024,True,180000,2025-05-13,2025-11-27,003000000000000062,701000000000000002,On-Demand Warehousing ROI Calculator,Interactive Tool,Organic,Landing Page Visit,2025-08-12 12:36:49,106,91,False
006000000000000024,True,180000,2025-05-13,2025-11-27,003000000000000061,701000000000000002,On-Demand Warehousing ROI Calculator,Interactive Tool,Organic,Landing Page Visit,2025-07-27 19:27:40,122,75,False
006000000000000024,True,180000,2025-05-13,2025-11-27,003000000000000062,701000000000000014,Demo Request Landing Page,Demo Request,Direct,Demo Request,2025-05-17 15:58:06,193,4,False
006000000000000024,True,180000,2025-05-13,2025-11-27,003000000000000064,701000000000000014,Demo Request Landing Page,Demo Request,Direct,Demo Request,2025-07-16 15:15:24,133,64,False
006000000000000024,True,180000,2025-05-13,2025-11-27,003000000000000061,701000000000000014,Demo Request Landing Page,Demo Request,Direct,Demo Request,2025-09-01 20:17:13,86,111,False
006000000000000025,False,90000,2025-08-04,2026-01-09,003000000000000065,701000000000000011,Q3 Email Nurture - Overflow Storage,Email Nurture,Email,Email Open,2025-08-25 01:14:02,136,21,False
006000000000000025,False,90000,2025-08-04,2026-01-09,003000000000000067,701000000000000011,Q3 Email Nurture - Overflow Storage,Email Nurture,Email,Email Open,2025-08-16 12:19:41,145,12,False
006000000000000025,False,90000,2025-08-04,2026-01-09,003000000000000066,701000000000000011,Q3 Email Nurture - Overflow Storage,Email Nurture,Email,Email Open,2025-11-23 19:08:03,46,111,False
006000000000000026,False,180000,2025-05-09,2025-12-25,003000000000000069,701000000000000003,Flexible Warehousing 101 Webinar,Webinar,Event,Webinar Attendance,2025-10-29 20:10:52,56,173,False
006000000000000026,False,180000,2025-05-09,2025-12-25,003000000000000069,701000000000000010,LinkedIn ABM Retargeting,Paid Social,Paid,Landing Page Visit,2025-06-25 17:17:46,182,47,False
006000000000000026,False,180000,2025-05-09,2025-12-25,003000000000000071,701000000000000010,LinkedIn ABM Retargeting,Paid Social,Paid,Landing Page Visit,2025-10-19 22:27:11,66,163,False
006000000000000026,False,180000,2025-05-09,2025-12-25,003000000000000069,701000000000000011,Q3 Email Nurture - Overflow Storage,Email Nurture,Email,Email Open,2025-09-27 16:40:15,88,141,False
006000000000000027,False,250000,2025-02-17,2025-07-21,003000000000000072,701000000000000014,Demo Request Landing Page,Demo Request,Direct,Demo Request,2025-05-13 16:15:19,68,85,False
006000000000000028,True,45000,2025-06-10,2025-12-23,003000000000000073,701000000000000014,Demo Request Landing Page,Demo Request,Direct,Demo Request,2025-11-30 06:49:24,22,173,False
006000000000000028,True,45000,2025-06-10,2025-12-23,003000000000000073,701000000000000002,On-Demand Warehousing ROI Calculator,Interactive Tool,Organic,Page Action,2025-10-10 18:08:06,73,122,False
006000000000000028,True,45000,2025-06-10,2025-12-23,003000000000000073,701000000000000003,Flexible Warehousing 101 Webinar,Webinar,Event,Webinar Registration,2025-06-12 23:41:28,193,2,False
006000000000000028,True,45000,2025-06-10,2025-12-23,003000000000000073,701000000000000008,Google Search - Warehousing Brand,Paid Search,Paid,Form Submission,2025-09-02 20:56:01,111,84,False
006000000000000028,True,45000,2025-06-10,2025-12-23,003000000000000073,701000000000000001,Peak Season Playbook Download,Content Syndication,Paid,Content Download,2025-11-11 05:58:19,41,154,False
006000000000000029,False,90000,2025-06-09,2026-01-30,003000000000000074,701000000000000010,LinkedIn ABM Retargeting,Paid Social,Paid,Landing Page Visit,2025-11-27 21:54:36,63,171,False
006000000000000029,False,90000,2025-06-09,2026-01-30,003000000000000074,701000000000000007,Case Study: Enterprise Overflow Program,Case Study,Organic,Content Download,2025-09-17 05:43:35,134,100,False
006000000000000029,False,90000,2025-06-09,2026-01-30,003000000000000074,701000000000000004,Spot Warehousing Index Report,Content Syndication,Organic,Form Submission,2026-01-23 12:37:42,6,228,False
006000000000000030,True,90000,2025-07-01,2025-12-21,003000000000000075,701000000000000009,Google Search - Warehousing Non-Brand,Paid Search,Paid,Form Submission,2025-10-24 09:26:58,57,115,False
006000000000000030,True,90000,2025-07-01,2025-12-21,003000000000000075,701000000000000013,Analyst Report Syndication (Gartner),Content Syndication,Paid,Content Download,2025-07-18 06:34:43,155,17,False
006000000000000030,True,90000,2025-07-01,2025-12-21,003000000000000075,701000000000000006,ABM Direct Mail - Enterprise DTC,ABM Direct Mail,Partner,Page Action,2025-07-05 17:57:33,168,4,False
006000000000000030,True,90000,2025-07-01,2025-12-21,003000000000000075,701000000000000002,On-Demand Warehousing ROI Calculator,Interactive Tool,Organic,Page Action,2025-11-20 01:06:19,30,142,False
006000000000000030,True,90000,2025-07-01,2025-12-21,003000000000000075,701000000000000003,Flexible Warehousing 101 Webinar,Webinar,Event,Webinar Registration,2025-11-16 17:42:22,34,138,False
006000000000000030,True,90000,2025-07-01,2025-12-21,003000000000000075,701000000000000014,Demo Request Landing Page,Demo Request,Direct,Demo Request,2025-09-23 21:35:41,88,84,False
006000000000000031,False,45000,2025-01-09,2025-05-04,003000000000000077,701000000000000003,Flexible Warehousing 101 Webinar,Webinar,Event,Webinar Registration,2025-02-09 12:48:58,83,31,False
006000000000000031,False,45000,2025-01-09,2025-05-04,003000000000000076,701000000000000003,Flexible Warehousing 101 Webinar,Webinar,Event,Webinar Attendance,2024-12-19 01:42:45,135,-21,True
006000000000000031,False,45000,2025-01-09,2025-05-04,003000000000000076,701000000000000008,Google Search - Warehousing Brand,Paid Search,Paid,Landing Page Visit,2025-02-14 00:12:37,78,36,False
006000000000000031,False,45000,2025-01-09,2025-05-04,003000000000000079,701000000000000015,Customer Reference Call Program,Reference Program,Direct,Page Action,2025-02-15 09:21:26,77,37,False
006000000000000031,False,45000,2025-01-09,2025-05-04,003000000000000079,701000000000000006,ABM Direct Mail - Enterprise DTC,ABM Direct Mail,Partner,Page Action,2025-01-20 00:27:33,103,11,False
006000000000000031,False,45000,2025-01-09,2025-05-04,003000000000000076,701000000000000006,ABM Direct Mail - Enterprise DTC,ABM Direct Mail,Partner,Page Action,2024-12-24 05:42:52,130,-16,True
006000000000000032,False,120000,2025-03-24,2025-08-28,003000000000000080,701000000000000004,Spot Warehousing Index Report,Content Syndication,Organic,Form Submission,2025-04-13 15:58:56,136,20,False
006000000000000032,False,120000,2025-03-24,2025-08-28,003000000000000080,701000000000000012,Partner Referral - 3PL Network,Referral,Partner,Form Submission,2025-08-09 10:47:49,18,138,False
006000000000000032,False,120000,2025-03-24,2025-08-28,003000000000000080,701000000000000001,Peak Season Playbook Download,Content Syndication,Paid,Form Submission,2025-06-27 04:09:24,61,95,False
006000000000000033,True,90000,2025-03-08,2025-11-24,003000000000000083,701000000000000008,Google Search - Warehousing Brand,Paid Search,Paid,Form Submission,2025-10-02 07:56:48,52,208,False
006000000000000033,True,90000,2025-03-08,2025-11-24,003000000000000082,701000000000000008,Google Search - Warehousing Brand,Paid Search,Paid,Landing Page Visit,2025-05-12 06:33:29,195,65,False
006000000000000033,True,90000,2025-03-08,2025-11-24,003000000000000084,701000000000000001,Peak Season Playbook Download,Content Syndication,Paid,Form Submission,2025-07-02 06:22:59,144,116,False
006000000000000033,True,90000,2025-03-08,2025-11-24,003000000000000082,701000000000000013,Analyst Report Syndication (Gartner),Content Syndication,Paid,Form Submission,2025-11-07 14:51:33,16,244,False
006000000000000033,True,90000,2025-03-08,2025-11-24,003000000000000081,701000000000000013,Analyst Report Syndication (Gartner),Content Syndication,Paid,Content Download,2025-08-07 12:12:17,108,152,False
006000000000000033,True,90000,2025-03-08,2025-11-24,003000000000000083,701000000000000013,Analyst Report Syndication (Gartner),Content Syndication,Paid,Content Download,2025-03-13 14:54:36,255,5,False
006000000000000033,True,90000,2025-03-08,2025-11-24,003000000000000082,701000000000000009,Google Search - Warehousing Non-Brand,Paid Search,Paid,Landing Page Visit,2025-08-16 01:20:06,99,161,False
006000000000000033,True,90000,2025-03-08,2025-11-24,003000000000000083,701000000000000009,Google Search - Warehousing Non-Brand,Paid Search,Paid,Form Submission,2025-02-20 12:58:02,276,-16,True
006000000000000033,True,90000,2025-03-08,2025-11-24,003000000000000083,701000000000000005,MODEX Trade Show,Trade Show,Event,Page Action,2025-06-19 11:41:11,157,103,False
006000000000000033,True,90000,2025-03-08,2025-11-24,003000000000000081,701000000000000002,On-Demand Warehousing ROI Calculator,Interactive Tool,Organic,Landing Page Visit,2025-11-11 00:56:00,12,248,False
006000000000000033,True,90000,2025-03-08,2025-11-24,003000000000000083,701000000000000002,On-Demand Warehousing ROI Calculator,Interactive Tool,Organic,Landing Page Visit,2025-04-15 08:08:40,222,38,False
006000000000000033,True,90000,2025-03-08,2025-11-24,003000000000000082,701000000000000002,On-Demand Warehousing ROI Calculator,Interactive Tool,Organic,Landing Page Visit,2025-08-11 09:07:08,104,156,False
006000000000000033,True,90000,2025-03-08,2025-11-24,003000000000000083,701000000000000003,Flexible Warehousing 101 Webinar,Webinar,Event,Webinar Registration,2025-10-05 19:02:19,49,211,False
006000000000000033,True,90000,2025-03-08,2025-11-24,003000000000000081,701000000000000003,Flexible Warehousing 101 Webinar,Webinar,Event,Webinar Registration,2025-08-31 03:25:08,84,176,False
006000000000000033,True,90000,2025-03-08,2025-11-24,003000000000000084,701000000000000014,Demo Request Landing Page,Demo Request,Direct,Demo Request,2025-11-04 10:10:50,19,241,False
006000000000000034,False,250000,2025-06-21,2025-12-19,003000000000000086,701000000000000001,Peak Season Playbook Download,Content Syndication,Paid,Form Submission,2025-09-05 20:25:41,104,76,False
006000000000000034,False,250000,2025-06-21,2025-12-19,003000000000000088,701000000000000001,Peak Season Playbook Download,Content Syndication,Paid,Form Submission,2025-07-12 12:52:03,159,21,False
006000000000000034,False,250000,2025-06-21,2025-12-19,003000000000000087,701000000000000001,Peak Season Playbook Download,Content Syndication,Paid,Content Download,2025-11-08 00:25:14,40,140,False
006000000000000034,False,250000,2025-06-21,2025-12-19,003000000000000085,701000000000000001,Peak Season Playbook Download,Content Syndication,Paid,Content Download,2025-07-22 02:31:18,149,31,False
006000000000000034,False,250000,2025-06-21,2025-12-19,003000000000000086,701000000000000013,Analyst Report Syndication (Gartner),Content Syndication,Paid,Form Submission,2025-10-03 23:03:16,76,104,False
006000000000000034,False,250000,2025-06-21,2025-12-19,003000000000000088,701000000000000013,Analyst Report Syndication (Gartner),Content Syndication,Paid,Content Download,2025-12-01 22:36:26,17,163,False
006000000000000034,False,250000,2025-06-21,2025-12-19,003000000000000085,701000000000000006,ABM Direct Mail - Enterprise DTC,ABM Direct Mail,Partner,Page Action,2025-07-14 18:56:37,157,23,False
006000000000000034,False,250000,2025-06-21,2025-12-19,003000000000000087,701000000000000014,Demo Request Landing Page,Demo Request,Direct,Demo Request,2025-09-04 12:39:14,105,75,False
006000000000000035,False,180000,2025-02-01,2025-05-21,003000000000000091,701000000000000011,Q3 Email Nurture - Overflow Storage,Email Nurture,Email,Email Click,2025-04-13 16:46:48,37,71,False
006000000000000035,False,180000,2025-02-01,2025-05-21,003000000000000089,701000000000000007,Case Study: Enterprise Overflow Program,Case Study,Organic,Landing Page Visit,2025-02-19 06:52:26,90,18,False
006000000000000036,False,90000,2025-08-13,2026-02-05,003000000000000092,701000000000000010,LinkedIn ABM Retargeting,Paid Social,Paid,Landing Page Visit,2025-08-07 18:49:23,181,-6,True
006000000000000037,False,45000,2025-06-07,2025-11-14,003000000000000094,701000000000000008,Google Search - Warehousing Brand,Paid Search,Paid,Form Submission,2025-09-18 16:40:18,56,103,False
006000000000000037,False,45000,2025-06-07,2025-11-14,003000000000000096,701000000000000008,Google Search - Warehousing Brand,Paid Search,Paid,Form Submission,2025-08-27 14:13:27,78,81,False
006000000000000037,False,45000,2025-06-07,2025-11-14,003000000000000095,701000000000000008,Google Search - Warehousing Brand,Paid Search,Paid,Form Submission,2025-10-12 13:51:35,32,127,False
006000000000000037,False,45000,2025-06-07,2025-11-14,003000000000000093,701000000000000008,Google Search - Warehousing Brand,Paid Search,Paid,Landing Page Visit,2025-10-17 11:04:10,27,132,False
006000000000000038,False,45000,2025-08-17,2026-01-27,003000000000000097,701000000000000005,MODEX Trade Show,Trade Show,Event,Form Submission,2025-12-01 13:01:26,56,106,False
006000000000000038,False,45000,2025-08-17,2026-01-27,003000000000000097,701000000000000009,Google Search - Warehousing Non-Brand,Paid Search,Paid,Form Submission,2025-09-28 03:36:11,120,42,False
006000000000000038,False,45000,2025-08-17,2026-01-27,003000000000000097,701000000000000013,Analyst Report Syndication (Gartner),Content Syndication,Paid,Content Download,2025-11-12 16:01:33,75,87,False
006000000000000038,False,45000,2025-08-17,2026-01-27,003000000000000097,701000000000000015,Customer Reference Call Program,Reference Program,Direct,Page Action,2025-11-08 02:44:01,79,83,False
006000000000000039,False,180000,2025-08-17,2026-02-23,003000000000000098,701000000000000012,Partner Referral - 3PL Network,Referral,Partner,Form Submission,2025-07-23 11:10:05,214,-25,True
006000000000000040,False,180000,2025-05-12,2025-11-30,003000000000000099,701000000000000009,Google Search - Warehousing Non-Brand,Paid Search,Paid,Form Submission,2025-05-28 06:12:32,185,16,False
006000000000000040,False,180000,2025-05-12,2025-11-30,003000000000000100,701000000000000013,Analyst Report Syndication (Gartner),Content Syndication,Paid,Content Download,2025-11-07 08:40:29,22,179,False
