Opportunity_ID,Contact_ID,Contact_Name,Role,Is_Primary
006000000000000001,003000000000000001,Sam Foster,Economic Buyer,True
006000000000000001,003000000000000002,Jamie Bennett,Champion,False
006000000000000001,003000000000000003,Cameron Coleman,Decision Maker,False
006000000000000002,003000000000000004,Sam Brooks,Economic Buyer,True
006000000000000002,003000000000000005,Sam Hayes,Champion,False
006000000000000002,003000000000000006,Taylor Bennett,Decision Maker,False
006000000000000003,003000000000000007,Jordan Bennett,Economic Buyer,True
006000000000000003,003000000000000008,Drew Whitfield,Champion,False
006000000000000003,003000000000000009,Drew Whitfield,Decision Maker,False
006000000000000003,003000000000000010,Casey Bennett,Influencer,False
006000000000000004,003000000000000011,Taylor Whitfield,Economic Buyer,True
006000000000000004,003000000000000012,Cameron Bennett,Champion,False
006000000000000005,003000000000000013,Taylor Mercer,Economic Buyer,True
006000000000000005,003000000000000014,Jordan Mercer,Champion,False
006000000000000005,003000000000000015,Drew Brooks,Decision Maker,False
006000000000000005,003000000000000016,Jordan Hayes,Influencer,False
006000000000000006,003000000000000017,Jordan Grant,Economic Buyer,True
006000000000000006,003000000000000018,Morgan Bennett,Champion,False
006000000000000006,003000000000000019,Casey Bennett,Decision Maker,False
006000000000000007,003000000000000020,Jordan Reed,Economic Buyer,True
006000000000000007,003000000000000021,Alex Foster,Champion,False
006000000000000008,003000000000000022,Alex Whitfield,Economic Buyer,True
006000000000000008,003000000000000023,Casey Bennett,Champion,False
006000000000000008,003000000000000024,Morgan Whitfield,Decision Maker,False
006000000000000008,003000000000000025,Casey Ellison,Influencer,False
006000000000000009,003000000000000026,Casey Brooks,Economic Buyer,True
006000000000000009,003000000000000027,Jordan Mercer,Champion,False
006000000000000009,003000000000000028,Sam Grant,Decision Maker,False
006000000000000010,003000000000000029,Alex Mercer,Economic Buyer,True
006000000000000010,003000000000000030,Drew Grant,Champion,False
006000000000000011,003000000000000031,Riley Hayes,Economic Buyer,True
006000000000000011,003000000000000032,Drew Reed,Champion,False
006000000000000011,003000000000000033,Riley Mercer,Decision Maker,False
006000000000000011,003000000000000034,Riley Mercer,Influencer,False
006000000000000012,003000000000000035,Cameron Hayes,Economic Buyer,True
006000000000000012,003000000000000036,Riley Brooks,Champion,False
006000000000000013,003000000000000037,Alex Whitfield,Economic Buyer,True
006000000000000014,003000000000000038,Alex Brooks,Economic Buyer,True
006000000000000014,003000000000000039,Sam Brooks,Champion,False
006000000000000015,003000000000000040,Sam Hayes,Economic Buyer,True
006000000000000015,003000000000000041,Alex Mercer,Champion,False
006000000000000015,003000000000000042,Taylor Mercer,Decision Maker,False
006000000000000015,003000000000000043,Jordan Bennett,Influencer,False
006000000000000016,003000000000000044,Morgan Whitfield,Economic Buyer,True
006000000000000016,003000000000000045,Cameron Whitfield,Champion,False
006000000000000016,003000000000000046,Taylor Whitfield,Decision Maker,False
006000000000000016,003000000000000047,Sam Bennett,Influencer,False
006000000000000017,003000000000000048,Jamie Brooks,Economic Buyer,True
006000000000000017,003000000000000049,Alex Foster,Champion,False
006000000000000017,003000000000000050,Drew Hayes,Decision Maker,False
006000000000000017,003000000000000051,Cameron Reed,Influencer,False
006000000000000018,003000000000000052,Drew Bennett,Economic Buyer,True
006000000000000018,003000000000000053,Jordan Foster,Champion,False
006000000000000019,003000000000000054,Sam Mercer,Economic Buyer,True
006000000000000020,003000000000000055,Alex Reed,Economic Buyer,True
006000000000000020,003000000000000056,Jordan Bennett,Champion,False
006000000000000021,003000000000000057,Riley Brooks,Economic Buyer,True
006000000000000022,003000000000000058,Riley Grant,Economic Buyer,True
006000000000000023,003000000000000059,Sam Whitfield,Economic Buyer,True
006000000000000023,003000000000000060,Alex Reed,Champion,False
006000000000000024,003000000000000061,Jamie Hayes,Economic Buyer,True
006000000000000024,003000000000000062,Drew Ellison,Champion,False
006000000000000024,003000000000000063,Alex Brooks,Decision Maker,False
006000000000000024,003000000000000064,Jamie Brooks,Influencer,False
006000000000000025,003000000000000065,Riley Mercer,Economic Buyer,True
006000000000000025,003000000000000066,Sam Bennett,Champion,False
006000000000000025,003000000000000067,Taylor Brooks,Decision Maker,False
006000000000000025,003000000000000068,Alex Reed,Influencer,False
006000000000000026,003000000000000069,Morgan Whitfield,Economic Buyer,True
006000000000000026,003000000000000070,Jordan Brooks,Champion,False
006000000000000026,003000000000000071,Morgan Brooks,Decision Maker,False
006000000000000027,003000000000000072,Drew Grant,Economic Buyer,True
006000000000000028,003000000000000073,Jordan Bennett,Economic Buyer,True
006000000000000029,003000000000000074,Taylor Grant,Economic Buyer,True
006000000000000030,003000000000000075,Sam Whitfield,Economic Buyer,True
006000000000000031,003000000000000076,Jordan Bennett,Economic Buyer,True
006000000000000031,003000000000000077,Casey Brooks,Champion,False
006000000000000031,003000000000000078,Cameron Hayes,Decision Maker,False
006000000000000031,003000000000000079,Jordan Ellison,Influencer,False
006000000000000032,003000000000000080,Riley Foster,Economic Buyer,True
006000000000000033,003000000000000081,Taylor Reed,Economic Buyer,True
006000000000000033,003000000000000082,Casey Foster,Champion,False
006000000000000033,003000000000000083,Alex Whitfield,Decision Maker,False
006000000000000033,003000000000000084,Jamie Brooks,Influencer,False
006000000000000034,003000000000000085,Taylor Reed,Economic Buyer,True
006000000000000034,003000000000000086,Sam Mercer,Champion,False
006000000000000034,003000000000000087,Cameron Grant,Decision Maker,False
006000000000000034,003000000000000088,Jamie Reed,Influencer,False
006000000000000035,003000000000000089,Casey Hayes,Economic Buyer,True
006000000000000035,003000000000000090,Jordan Ellison,Champion,False
006000000000000035,003000000000000091,Casey Whitfield,Decision Maker,False
006000000000000036,003000000000000092,Alex Foster,Economic Buyer,True
006000000000000037,003000000000000093,Casey Foster,Economic Buyer,True
006000000000000037,003000000000000094,Sam Bennett,Champion,False
006000000000000037,003000000000000095,Alex Mercer,Decision Maker,False
006000000000000037,003000000000000096,Jamie Grant,Influencer,False
006000000000000038,003000000000000097,Alex Coleman,Economic Buyer,True
006000000000000039,003000000000000098,Riley Grant,Economic Buyer,True
006000000000000040,003000000000000099,Sam Grant,Economic Buyer,True
006000000000000040,003000000000000100,Jordan Foster,Champion,False
