Opportunity_ID,Opportunity_Name,Account_ID,Account_Name,Account_Industry,Account_Segment,Amount,Stage,Is_Won,Is_Closed,Created_Date,Close_Date,Loss_Reason,Primary_Campaign_Source,Lead_Source,Owner_Name
006000000000000001,North Goods Group - Warehousing Expansion,001000000000000001,North Goods Group,Retail,Enterprise DTC,60000,Closed Won,True,True,2025-05-30,2025-09-12,,701000000000000002,Outbound Prospecting,S. Patel
006000000000000002,North Goods Group - Warehousing Expansion,001000000000000002,North Goods Group,3PL / Logistics,Enterprise Omnichannel,120000,Closed Lost,False,True,2025-03-13,2025-11-07,Timing not right,701000000000000003,Web,R. Okafor
006000000000000003,Anchor Retail Co - Warehousing Expansion,001000000000000003,Anchor Retail Co,Consumer Goods,Mid-Market Retail,90000,Closed Won,True,True,2025-04-07,2025-10-21,,701000000000000002,Trade Show,T. Nguyen
006000000000000004,Anchor Retail Co - Warehousing Expansion,001000000000000004,Anchor Retail Co,3PL / Logistics,Mid-Market Retail,60000,Closed Lost,False,True,2025-01-02,2025-07-24,No decision / stalled,701000000000000006,Outbound Prospecting,T. Nguyen
006000000000000005,Anchor Logistics LLC - Warehousing Expansion,001000000000000005,Anchor Logistics LLC,Retail,Mid-Market Retail,60000,Closed Lost,False,True,2025-08-13,2026-04-09,No decision / stalled,701000000000000002,Web,R. Okafor
006000000000000006,North Goods Group - Warehousing Expansion,001000000000000006,North Goods Group,3PL / Logistics,Enterprise DTC,45000,Closed Won,True,True,2025-08-29,2026-01-01,,701000000000000001,Trade Show,J. Alvarez
006000000000000007,Pioneer Supply Co - Warehousing Expansion,001000000000000007,Pioneer Supply Co,3PL / Logistics,Mid-Market Retail,250000,Closed Lost,False,True,2025-07-12,2025-11-04,Timing not right,701000000000000002,Trade Show,J. Alvarez
006000000000000008,Anchor Goods Group - Warehousing Expansion,001000000000000008,Anchor Goods Group,Food & Beverage,3PL Partner,45000,Closed Lost,False,True,2025-06-09,2025-12-06,No decision / stalled,701000000000000008,Outbound Prospecting,R. Okafor
006000000000000009,North Brands Inc - Warehousing Expansion,001000000000000009,North Brands Inc,Consumer Goods,3PL Partner,45000,Closed Won,True,True,2025-08-03,2025-11-26,,701000000000000006,Trade Show,J. Alvarez
006000000000000010,Harbor Goods Group - Warehousing Expansion,001000000000000010,Harbor Goods Group,3PL / Logistics,Enterprise Omnichannel,45000,Closed Lost,False,True,2025-04-21,2025-12-08,Timing not right,701000000000000001,Trade Show,J. Alvarez
006000000000000011,Vantage Brands Inc - Warehousing Expansion,001000000000000011,Vantage Brands Inc,Consumer Goods,Enterprise DTC,60000,Closed Won,True,True,2025-05-08,2025-12-13,,701000000000000001,Referral,S. Patel
006000000000000012,Vantage Goods Group - Warehousing Expansion,001000000000000012,Vantage Goods Group,3PL / Logistics,Mid-Market Retail,90000,Closed Lost,False,True,2025-07-25,2025-12-20,Timing not right,701000000000000006,Trade Show,R. Okafor
006000000000000013,North Logistics LLC - Warehousing Expansion,001000000000000013,North Logistics LLC,Food & Beverage,Mid-Market Retail,45000,Closed Lost,False,True,2025-05-15,2025-11-20,Timing not right,701000000000000014,Referral,M. Chen
006000000000000014,North Brands Inc - Warehousing Expansion,001000000000000014,North Brands Inc,Food & Beverage,Mid-Market Retail,45000,Closed Lost,False,True,2025-02-22,2025-10-25,Built in-house,701000000000000010,Web,R. Okafor
006000000000000015,Pioneer Supply Co - Warehousing Expansion,001000000000000015,Pioneer Supply Co,Food & Beverage,Enterprise Omnichannel,60000,Closed Lost,False,True,2025-01-05,2025-09-21,Timing not right,701000000000000010,Trade Show,S. Patel
006000000000000016,Vantage Brands Inc - Warehousing Expansion,001000000000000016,Vantage Brands Inc,3PL / Logistics,Enterprise Omnichannel,120000,Closed Won,True,True,2025-01-06,2025-04-09,,701000000000000003,Web,R. Okafor
006000000000000017,Anchor Brands Inc - Warehousing Expansion,001000000000000017,Anchor Brands Inc,Food & Beverage,3PL Partner,120000,Closed Lost,False,True,2025-07-11,2026-01-28,Timing not right,701000000000000001,Trade Show,M. Chen
006000000000000018,Harbor Supply Co - Warehousing Expansion,001000000000000018,Harbor Supply Co,3PL / Logistics,Mid-Market Retail,60000,Closed Lost,False,True,2025-01-04,2025-07-09,Budget cut,701000000000000007,Outbound Prospecting,T. Nguyen
006000000000000019,Summit Supply Co - Warehousing Expansion,001000000000000019,Summit Supply Co,Food & Beverage,Enterprise DTC,250000,Closed Lost,False,True,2025-06-10,2026-02-17,Chose competitor,701000000000000002,Outbound Prospecting,M. Chen
006000000000000020,Anchor Brands Inc - Warehousing Expansion,001000000000000020,Anchor Brands Inc,Apparel & Footwear,Enterprise Omnichannel,60000,Closed Won,True,True,2025-05-30,2025-12-20,,701000000000000006,Referral,M. Chen
006000000000000021,Pioneer Goods Group - Warehousing Expansion,001000000000000021,Pioneer Goods Group,3PL / Logistics,Mid-Market Retail,250000,Closed Lost,False,True,2025-08-29,2026-02-17,Timing not right,701000000000000007,Trade Show,S. Patel
006000000000000022,Pioneer Goods Group - Warehousing Expansion,001000000000000022,Pioneer Goods Group,3PL / Logistics,Mid-Market Retail,180000,Closed Lost,False,True,2025-06-02,2025-11-20,Budget cut,701000000000000009,Web,M. Chen
006000000000000023,Vantage Goods Group - Warehousing Expansion,001000000000000023,Vantage Goods Group,Apparel & Footwear,3PL Partner,90000,Closed Lost,False,True,2025-04-22,2025-10-18,Built in-house,701000000000000014,Web,J. Alvarez
006000000000000024,Harbor Supply Co - Warehousing Expansion,001000000000000024,Harbor Supply Co,Apparel & Footwear,Mid-Market Retail,180000,Closed Won,True,True,2025-05-13,2025-11-27,,701000000000000012,Trade Show,S. Patel
006000000000000025,Summit Logistics LLC - Warehousing Expansion,001000000000000025,Summit Logistics LLC,Apparel & Footwear,Enterprise DTC,90000,Closed Lost,False,True,2025-08-04,2026-01-09,No decision / stalled,701000000000000011,Web,R. Okafor
006000000000000026,Harbor Brands Inc - Warehousing Expansion,001000000000000026,Harbor Brands Inc,3PL / Logistics,Enterprise Omnichannel,180000,Closed Lost,False,True,2025-05-09,2025-12-25,Built in-house,701000000000000003,Web,J. Alvarez
006000000000000027,Harbor Goods Group - Warehousing Expansion,001000000000000027,Harbor Goods Group,Food & Beverage,3PL Partner,250000,Closed Lost,False,True,2025-02-17,2025-07-21,Built in-house,701000000000000014,Outbound Prospecting,T. Nguyen
006000000000000028,North Retail Co - Warehousing Expansion,001000000000000028,North Retail Co,3PL / Logistics,Mid-Market Retail,45000,Closed Won,True,True,2025-06-10,2025-12-23,,701000000000000014,Outbound Prospecting,R. Okafor
006000000000000029,Anchor Brands Inc - Warehousing Expansion,001000000000000029,Anchor Brands Inc,Food & Beverage,3PL Partner,90000,Closed Lost,False,True,2025-06-09,2026-01-30,Built in-house,701000000000000010,Trade Show,M. Chen
006000000000000030,Harbor Supply Co - Warehousing Expansion,001000000000000030,Harbor Supply Co,Consumer Goods,Enterprise Omnichannel,90000,Closed Won,True,True,2025-07-01,2025-12-21,,701000000000000009,Referral,M. Chen
006000000000000031,Summit Logistics LLC - Warehousing Expansion,001000000000000031,Summit Logistics LLC,Consumer Goods,Enterprise DTC,45000,Closed Lost,False,True,2025-01-09,2025-05-04,Budget cut,701000000000000003,Outbound Prospecting,J. Alvarez
006000000000000032,Vantage Retail Co - Warehousing Expansion,001000000000000032,Vantage Retail Co,Consumer Goods,Enterprise Omnichannel,120000,Closed Lost,False,True,2025-03-24,2025-08-28,Budget cut,701000000000000004,Outbound Prospecting,R. Okafor
006000000000000033,North Brands Inc - Warehousing Expansion,001000000000000033,North Brands Inc,Apparel & Footwear,3PL Partner,90000,Closed Won,True,True,2025-03-08,2025-11-24,,701000000000000008,Outbound Prospecting,M. Chen
006000000000000034,Anchor Supply Co - Warehousing Expansion,001000000000000034,Anchor Supply Co,Apparel & Footwear,Mid-Market Retail,250000,Closed Lost,False,True,2025-06-21,2025-12-19,Timing not right,701000000000000001,Referral,J. Alvarez
006000000000000035,Vantage Supply Co - Warehousing Expansion,001000000000000035,Vantage Supply Co,Retail,Mid-Market Retail,180000,Closed Lost,False,True,2025-02-01,2025-05-21,Budget cut,701000000000000011,Trade Show,R. Okafor
006000000000000036,Anchor Brands Inc - Warehousing Expansion,001000000000000036,Anchor Brands Inc,3PL / Logistics,3PL Partner,90000,Closed Lost,False,True,2025-08-13,2026-02-05,Timing not right,701000000000000010,Trade Show,M. Chen
006000000000000037,Vantage Brands Inc - Warehousing Expansion,001000000000000037,Vantage Brands Inc,Food & Beverage,Mid-Market Retail,45000,Closed Lost,False,True,2025-06-07,2025-11-14,Chose competitor,701000000000000008,Referral,R. Okafor
006000000000000038,Anchor Goods Group - Warehousing Expansion,001000000000000038,Anchor Goods Group,Food & Beverage,Mid-Market Retail,45000,Closed Lost,False,True,2025-08-17,2026-01-27,No decision / stalled,701000000000000005,Outbound Prospecting,M. Chen
006000000000000039,Anchor Brands Inc - Warehousing Expansion,001000000000000039,Anchor Brands Inc,Retail,Mid-Market Retail,180000,Closed Lost,False,True,2025-08-17,2026-02-23,Timing not right,701000000000000012,Web,J. Alvarez
006000000000000040,Summit Goods Group - Warehousing Expansion,001000000000000040,Summit Goods Group,3PL / Logistics,3PL Partner,180000,Closed Lost,False,True,2025-05-12,2025-11-30,Chose competitor,701000000000000009,Web,R. Okafor
