Prospect_ID,Contact_ID,Account_ID,Email
003000000000000001,003000000000000001,001000000000000001,sam.foster@north.com
003000000000000002,003000000000000002,001000000000000001,jamie.bennett@north.com
003000000000000003,003000000000000003,001000000000000001,cameron.coleman@north.com
003000000000000004,003000000000000004,001000000000000002,sam.brooks@north.com
003000000000000005,003000000000000005,001000000000000002,sam.hayes@north.com
003000000000000006,003000000000000006,001000000000000002,taylor.bennett@north.com
003000000000000007,003000000000000007,001000000000000003,jordan.bennett@anchor.com
003000000000000008,003000000000000008,001000000000000003,drew.whitfield@anchor.com
003000000000000009,003000000000000009,001000000000000003,drew.whitfield@anchor.com
003000000000000010,003000000000000010,001000000000000003,casey.bennett@anchor.com
003000000000000011,003000000000000011,001000000000000004,taylor.whitfield@anchor.com
003000000000000012,003000000000000012,001000000000000004,cameron.bennett@anchor.com
003000000000000013,003000000000000013,001000000000000005,taylor.mercer@anchor.com
003000000000000014,003000000000000014,001000000000000005,jordan.mercer@anchor.com
003000000000000015,003000000000000015,001000000000000005,drew.brooks@anchor.com
003000000000000016,003000000000000016,001000000000000005,jordan.hayes@anchor.com
003000000000000017,003000000000000017,001000000000000006,jordan.grant@north.com
003000000000000018,003000000000000018,001000000000000006,morgan.bennett@north.com
003000000000000019,003000000000000019,001000000000000006,casey.bennett@north.com
003000000000000020,003000000000000020,001000000000000007,jordan.reed@pioneer.com
003000000000000021,003000000000000021,001000000000000007,alex.foster@pioneer.com
003000000000000022,003000000000000022,001000000000000008,alex.whitfield@anchor.com
003000000000000023,003000000000000023,001000000000000008,casey.bennett@anchor.com
003000000000000024,003000000000000024,001000000000000008,morgan.whitfield@anchor.com
003000000000000025,003000000000000025,001000000000000008,casey.ellison@anchor.com
003000000000000026,003000000000000026,001000000000000009,casey.brooks@north.com
003000000000000027,003000000000000027,001000000000000009,jordan.mercer@north.com
003000000000000028,003000000000000028,001000000000000009,sam.grant@north.com
003000000000000029,003000000000000029,001000000000000010,alex.mercer@harbor.com
003000000000000030,003000000000000030,001000000000000010,drew.grant@harbor.com
003000000000000031,003000000000000031,001000000000000011,riley.hayes@vantage.com
003000000000000032,003000000000000032,001000000000000011,drew.reed@vantage.com
003000000000000033,003000000000000033,001000000000000011,riley.mercer@vantage.com
003000000000000034,003000000000000034,001000000000000011,riley.mercer@vantage.com
003000000000000035,003000000000000035,001000000000000012,cameron.hayes@vantage.com
003000000000000036,003000000000000036,001000000000000012,riley.brooks@vantage.com
003000000000000037,003000000000000037,001000000000000013,alex.whitfield@north.com
003000000000000038,003000000000000038,001000000000000014,alex.brooks@north.com
003000000000000039,003000000000000039,001000000000000014,sam.brooks@north.com
003000000000000040,003000000000000040,001000000000000015,sam.hayes@pioneer.com
003000000000000041,003000000000000041,001000000000000015,alex.mercer@pioneer.com
003000000000000042,003000000000000042,001000000000000015,taylor.mercer@pioneer.com
003000000000000043,003000000000000043,001000000000000015,jordan.bennett@pioneer.com
003000000000000044,003000000000000044,001000000000000016,morgan.whitfield@vantage.com
003000000000000045,003000000000000045,001000000000000016,cameron.whitfield@vantage.com
003000000000000046,003000000000000046,001000000000000016,taylor.whitfield@vantage.com
003000000000000047,003000000000000047,001000000000000016,sam.bennett@vantage.com
003000000000000048,003000000000000048,001000000000000017,jamie.brooks@anchor.com
003000000000000049,003000000000000049,001000000000000017,alex.foster@anchor.com
003000000000000050,003000000000000050,001000000000000017,drew.hayes@anchor.com
003000000000000051,003000000000000051,001000000000000017,cameron.reed@anchor.com
003000000000000052,003000000000000052,001000000000000018,drew.bennett@harbor.com
003000000000000053,003000000000000053,001000000000000018,jordan.foster@harbor.com
003000000000000054,003000000000000054,001000000000000019,sam.mercer@summit.com
003000000000000055,003000000000000055,001000000000000020,alex.reed@anchor.com
003000000000000056,003000000000000056,001000000000000020,jordan.bennett@anchor.com
003000000000000057,003000000000000057,001000000000000021,riley.brooks@pioneer.com
003000000000000058,003000000000000058,001000000000000022,riley.grant@pioneer.com
003000000000000059,003000000000000059,001000000000000023,sam.whitfield@vantage.com
003000000000000060,003000000000000060,001000000000000023,alex.reed@vantage.com
003000000000000061,003000000000000061,001000000000000024,jamie.hayes@harbor.com
003000000000000062,003000000000000062,001000000000000024,drew.ellison@harbor.com
003000000000000063,003000000000000063,001000000000000024,alex.brooks@harbor.com
003000000000000064,003000000000000064,001000000000000024,jamie.brooks@harbor.com
003000000000000065,003000000000000065,001000000000000025,riley.mercer@summit.com
003000000000000066,003000000000000066,001000000000000025,sam.bennett@summit.com
003000000000000067,003000000000000067,001000000000000025,taylor.brooks@summit.com
003000000000000068,003000000000000068,001000000000000025,alex.reed@summit.com
003000000000000069,003000000000000069,001000000000000026,morgan.whitfield@harbor.com
003000000000000070,003000000000000070,001000000000000026,jordan.brooks@harbor.com
003000000000000071,003000000000000071,001000000000000026,morgan.brooks@harbor.com
003000000000000072,003000000000000072,001000000000000027,drew.grant@harbor.com
003000000000000073,003000000000000073,001000000000000028,jordan.bennett@north.com
003000000000000074,003000000000000074,001000000000000029,taylor.grant@anchor.com
003000000000000075,003000000000000075,001000000000000030,sam.whitfield@harbor.com
003000000000000076,003000000000000076,001000000000000031,jordan.bennett@summit.com
003000000000000077,003000000000000077,001000000000000031,casey.brooks@summit.com
003000000000000078,003000000000000078,001000000000000031,cameron.hayes@summit.com
003000000000000079,003000000000000079,001000000000000031,jordan.ellison@summit.com
003000000000000080,003000000000000080,001000000000000032,riley.foster@vantage.com
003000000000000081,003000000000000081,001000000000000033,taylor.reed@north.com
003000000000000082,003000000000000082,001000000000000033,casey.foster@north.com
003000000000000083,003000000000000083,001000000000000033,alex.whitfield@north.com
003000000000000084,003000000000000084,001000000000000033,jamie.brooks@north.com
003000000000000085,003000000000000085,001000000000000034,taylor.reed@anchor.com
003000000000000086,003000000000000086,001000000000000034,sam.mercer@anchor.com
003000000000000087,003000000000000087,001000000000000034,cameron.grant@anchor.com
003000000000000088,003000000000000088,001000000000000034,jamie.reed@anchor.com
003000000000000089,003000000000000089,001000000000000035,casey.hayes@vantage.com
003000000000000090,003000000000000090,001000000000000035,jordan.ellison@vantage.com
003000000000000091,003000000000000091,001000000000000035,casey.whitfield@vantage.com
003000000000000092,003000000000000092,001000000000000036,alex.foster@anchor.com
003000000000000093,003000000000000093,001000000000000037,casey.foster@vantage.com
003000000000000094,003000000000000094,001000000000000037,sam.bennett@vantage.com
003000000000000095,003000000000000095,001000000000000037,alex.mercer@vantage.com
003000000000000096,003000000000000096,001000000000000037,jamie.grant@vantage.com
003000000000000097,003000000000000097,001000000000000038,alex.coleman@anchor.com
003000000000000098,003000000000000098,001000000000000039,riley.grant@anchor.com
003000000000000099,003000000000000099,001000000000000040,sam.grant@summit.com
003000000000000100,003000000000000100,001000000000000040,jordan.foster@summit.com
