Prospect_ID,Campaign_ID,Touchpoint_Type,Touchpoint_Date,Asset_Name,Score_Delta
003000000000000001,701000000000000002,Landing Page Visit,2025-05-19 22:32:14,On-Demand Warehousing ROI Calculator,20
003000000000000003,701000000000000002,Page Action,2025-07-16 15:34:05,On-Demand Warehousing ROI Calculator,20
003000000000000002,701000000000000010,Landing Page Visit,2025-06-20 08:53:14,LinkedIn ABM Retargeting,25
003000000000000001,701000000000000010,Landing Page Visit,2025-07-27 18:01:35,LinkedIn ABM Retargeting,20
003000000000000003,701000000000000014,Demo Request,2025-06-07 12:27:13,Demo Request Landing Page,20
003000000000000003,701000000000000011,Email Click,2025-09-02 20:19:08,Q3 Email Nurture - Overflow Storage,15
003000000000000003,701000000000000004,Form Submission,2025-08-22 16:36:35,Spot Warehousing Index Report,5
003000000000000002,701000000000000004,Form Submission,2025-07-08 17:15:41,Spot Warehousing Index Report,5
003000000000000002,701000000000000003,Webinar Registration,2025-08-14 12:38:02,Flexible Warehousing 101 Webinar,20
003000000000000003,701000000000000003,Webinar Registration,2025-06-09 22:14:34,Flexible Warehousing 101 Webinar,20
003000000000000001,701000000000000003,Webinar Registration,2025-06-25 10:27:54,Flexible Warehousing 101 Webinar,10
003000000000000004,701000000000000003,Webinar Attendance,2025-05-19 09:33:58,Flexible Warehousing 101 Webinar,5
003000000000000006,701000000000000003,Webinar Attendance,2025-06-24 19:27:49,Flexible Warehousing 101 Webinar,25
003000000000000005,701000000000000003,Webinar Registration,2025-08-05 04:34:08,Flexible Warehousing 101 Webinar,20
003000000000000005,701000000000000004,Content Download,2025-03-27 17:31:54,Spot Warehousing Index Report,5
003000000000000006,701000000000000004,Content Download,2025-03-24 07:36:03,Spot Warehousing Index Report,10
003000000000000004,701000000000000004,Form Submission,2025-06-05 21:52:18,Spot Warehousing Index Report,5
003000000000000008,701000000000000002,Landing Page Visit,2025-07-21 13:10:15,On-Demand Warehousing ROI Calculator,25
003000000000000009,701000000000000002,Page Action,2025-03-15 19:13:40,On-Demand Warehousing ROI Calculator,5
003000000000000007,701000000000000002,Page Action,2025-10-18 09:30:24,On-Demand Warehousing ROI Calculator,10
003000000000000010,701000000000000002,Page Action,2025-10-10 08:06:41,On-Demand Warehousing ROI Calculator,10
003000000000000010,701000000000000012,Form Submission,2025-05-10 07:16:43,Partner Referral - 3PL Network,15
003000000000000009,701000000000000012,Form Submission,2025-03-22 01:01:01,Partner Referral - 3PL Network,20
003000000000000009,701000000000000006,Page Action,2025-06-01 17:06:54,ABM Direct Mail - Enterprise DTC,15
003000000000000008,701000000000000006,Page Action,2025-08-02 22:43:17,ABM Direct Mail - Enterprise DTC,20
003000000000000007,701000000000000006,Page Action,2025-08-23 12:31:29,ABM Direct Mail - Enterprise DTC,5
003000000000000010,701000000000000006,Page Action,2025-06-16 07:15:25,ABM Direct Mail - Enterprise DTC,10
003000000000000007,701000000000000014,Demo Request,2025-07-04 03:05:30,Demo Request Landing Page,10
003000000000000009,701000000000000014,Demo Request,2025-04-10 05:30:11,Demo Request Landing Page,10
003000000000000008,701000000000000014,Demo Request,2025-10-16 21:41:41,Demo Request Landing Page,15
003000000000000007,701000000000000005,Form Submission,2025-09-14 23:39:14,MODEX Trade Show,25
003000000000000010,701000000000000005,Form Submission,2025-04-19 15:47:40,MODEX Trade Show,10
003000000000000008,701000000000000003,Webinar Attendance,2025-08-11 11:52:08,Flexible Warehousing 101 Webinar,25
003000000000000010,701000000000000003,Webinar Attendance,2025-04-27 02:13:02,Flexible Warehousing 101 Webinar,20
003000000000000007,701000000000000003,Webinar Attendance,2025-08-13 18:48:52,Flexible Warehousing 101 Webinar,25
003000000000000011,701000000000000006,Page Action,2025-02-12 10:04:56,ABM Direct Mail - Enterprise DTC,5
003000000000000012,701000000000000006,Page Action,2025-04-11 20:27:06,ABM Direct Mail - Enterprise DTC,5
003000000000000014,701000000000000002,Page Action,2026-01-17 05:12:20,On-Demand Warehousing ROI Calculator,10
003000000000000016,701000000000000004,Form Submission,2026-03-22 05:55:37,Spot Warehousing Index Report,10
003000000000000016,701000000000000011,Email Open,2025-08-26 13:19:26,Q3 Email Nurture - Overflow Storage,15
003000000000000013,701000000000000011,Email Open,2026-03-18 16:02:11,Q3 Email Nurture - Overflow Storage,20
003000000000000014,701000000000000011,Email Click,2025-12-13 22:42:59,Q3 Email Nurture - Overflow Storage,25
003000000000000013,701000000000000005,Form Submission,2025-10-13 01:26:28,MODEX Trade Show,15
003000000000000016,701000000000000005,Page Action,2025-09-24 15:22:25,MODEX Trade Show,20
003000000000000019,701000000000000001,Form Submission,2025-10-07 03:59:06,Peak Season Playbook Download,15
003000000000000019,701000000000000006,Page Action,2025-10-04 10:33:25,ABM Direct Mail - Enterprise DTC,25
003000000000000018,701000000000000006,Page Action,2025-09-22 09:50:57,ABM Direct Mail - Enterprise DTC,5
003000000000000017,701000000000000009,Landing Page Visit,2025-11-30 18:24:37,Google Search - Warehousing Non-Brand,25
003000000000000018,701000000000000007,Landing Page Visit,2025-12-14 23:54:10,Case Study: Enterprise Overflow Program,25
003000000000000018,701000000000000005,Form Submission,2025-10-08 23:09:18,MODEX Trade Show,20
003000000000000017,701000000000000005,Form Submission,2025-08-31 04:43:35,MODEX Trade Show,5
003000000000000019,701000000000000005,Form Submission,2025-10-13 15:40:58,MODEX Trade Show,5
003000000000000018,701000000000000010,Landing Page Visit,2025-10-21 01:38:49,LinkedIn ABM Retargeting,10
003000000000000019,701000000000000010,Landing Page Visit,2025-10-31 16:13:55,LinkedIn ABM Retargeting,15
003000000000000017,701000000000000010,Landing Page Visit,2025-11-10 19:55:06,LinkedIn ABM Retargeting,10
003000000000000017,701000000000000003,Webinar Attendance,2025-08-24 12:12:32,Flexible Warehousing 101 Webinar,5
003000000000000018,701000000000000003,Webinar Registration,2025-10-24 18:18:18,Flexible Warehousing 101 Webinar,10
003000000000000017,701000000000000002,Page Action,2025-09-12 05:14:16,On-Demand Warehousing ROI Calculator,25
003000000000000017,701000000000000014,Demo Request,2025-10-18 03:04:33,Demo Request Landing Page,25
003000000000000018,701000000000000014,Demo Request,2025-11-08 17:59:34,Demo Request Landing Page,15
003000000000000020,701000000000000002,Page Action,2025-08-23 17:48:52,On-Demand Warehousing ROI Calculator,5
003000000000000020,701000000000000007,Content Download,2025-10-18 09:10:55,Case Study: Enterprise Overflow Program,15
003000000000000021,701000000000000008,Form Submission,2025-10-02 02:47:38,Google Search - Warehousing Brand,15
003000000000000023,701000000000000008,Landing Page Visit,2025-06-21 17:13:09,Google Search - Warehousing Brand,15
003000000000000025,701000000000000015,Page Action,2025-11-02 03:17:16,Customer Reference Call Program,25
003000000000000022,701000000000000015,Page Action,2025-09-01 04:49:40,Customer Reference Call Program,5
003000000000000024,701000000000000015,Page Action,2025-08-19 08:25:27,Customer Reference Call Program,20
003000000000000025,701000000000000014,Demo Request,2025-09-11 14:45:39,Demo Request Landing Page,10
003000000000000027,701000000000000006,Page Action,2025-08-06 10:23:57,ABM Direct Mail - Enterprise DTC,10
003000000000000027,701000000000000007,Landing Page Visit,2025-10-26 01:03:22,Case Study: Enterprise Overflow Program,25
003000000000000026,701000000000000007,Content Download,2025-09-07 02:56:01,Case Study: Enterprise Overflow Program,20
003000000000000028,701000000000000007,Landing Page Visit,2025-08-24 23:27:54,Case Study: Enterprise Overflow Program,20
003000000000000026,701000000000000013,Content Download,2025-11-02 12:30:44,Analyst Report Syndication (Gartner),15
003000000000000028,701000000000000005,Page Action,2025-09-13 10:57:11,MODEX Trade Show,25
003000000000000027,701000000000000005,Form Submission,2025-10-21 04:21:34,MODEX Trade Show,10
003000000000000026,701000000000000005,Page Action,2025-08-27 18:13:35,MODEX Trade Show,25
003000000000000027,701000000000000002,Landing Page Visit,2025-08-25 19:56:39,On-Demand Warehousing ROI Calculator,10
003000000000000028,701000000000000002,Landing Page Visit,2025-08-23 12:27:00,On-Demand Warehousing ROI Calculator,15
003000000000000027,701000000000000003,Webinar Attendance,2025-07-11 15:01:44,Flexible Warehousing 101 Webinar,20
003000000000000026,701000000000000003,Webinar Attendance,2025-11-22 07:38:45,Flexible Warehousing 101 Webinar,15
003000000000000027,701000000000000014,Demo Request,2025-10-07 13:06:44,Demo Request Landing Page,25
003000000000000030,701000000000000001,Form Submission,2025-05-21 08:08:53,Peak Season Playbook Download,10
003000000000000029,701000000000000001,Content Download,2025-09-26 03:57:52,Peak Season Playbook Download,5
003000000000000029,701000000000000002,Page Action,2025-09-06 01:22:07,On-Demand Warehousing ROI Calculator,10
003000000000000029,701000000000000007,Content Download,2025-07-04 19:05:38,Case Study: Enterprise Overflow Program,20
003000000000000030,701000000000000009,Landing Page Visit,2025-06-17 11:31:05,Google Search - Warehousing Non-Brand,20
003000000000000032,701000000000000001,Form Submission,2025-06-13 11:20:57,Peak Season Playbook Download,10
003000000000000031,701000000000000013,Content Download,2025-06-05 08:07:51,Analyst Report Syndication (Gartner),20
003000000000000033,701000000000000013,Form Submission,2025-09-26 02:03:14,Analyst Report Syndication (Gartner),20
003000000000000032,701000000000000013,Form Submission,2025-06-30 00:51:37,Analyst Report Syndication (Gartner),20
003000000000000034,701000000000000005,Form Submission,2025-10-09 11:26:22,MODEX Trade Show,5
003000000000000032,701000000000000005,Form Submission,2025-05-21 11:59:14,MODEX Trade Show,10
003000000000000033,701000000000000012,Form Submission,2025-10-19 13:47:06,Partner Referral - 3PL Network,15
003000000000000031,701000000000000009,Form Submission,2025-07-16 02:56:25,Google Search - Warehousing Non-Brand,20
003000000000000034,701000000000000009,Landing Page Visit,2025-11-20 04:30:14,Google Search - Warehousing Non-Brand,20
003000000000000034,701000000000000002,Page Action,2025-08-15 07:07:32,On-Demand Warehousing ROI Calculator,25
003000000000000031,701000000000000002,Page Action,2025-08-01 07:01:40,On-Demand Warehousing ROI Calculator,15
003000000000000033,701000000000000002,Landing Page Visit,2025-11-30 17:16:38,On-Demand Warehousing ROI Calculator,20
003000000000000031,701000000000000003,Webinar Attendance,2025-11-27 02:15:26,Flexible Warehousing 101 Webinar,10
003000000000000032,701000000000000003,Webinar Attendance,2025-05-01 22:02:59,Flexible Warehousing 101 Webinar,15
003000000000000034,701000000000000003,Webinar Registration,2025-07-24 22:27:48,Flexible Warehousing 101 Webinar,15
003000000000000033,701000000000000003,Webinar Attendance,2025-10-15 11:31:22,Flexible Warehousing 101 Webinar,15
003000000000000031,701000000000000014,Demo Request,2025-06-10 03:54:18,Demo Request Landing Page,20
003000000000000035,701000000000000006,Page Action,2025-08-22 09:00:15,ABM Direct Mail - Enterprise DTC,5
003000000000000035,701000000000000013,Content Download,2025-07-23 02:37:38,Analyst Report Syndication (Gartner),25
003000000000000036,701000000000000013,Content Download,2025-09-14 03:30:38,Analyst Report Syndication (Gartner),20
003000000000000035,701000000000000014,Demo Request,2025-11-04 16:46:54,Demo Request Landing Page,25
003000000000000036,701000000000000010,Landing Page Visit,2025-09-13 13:34:46,LinkedIn ABM Retargeting,15
003000000000000035,701000000000000010,Landing Page Visit,2025-11-08 09:00:31,LinkedIn ABM Retargeting,10
003000000000000037,701000000000000014,Demo Request,2025-07-01 08:28:45,Demo Request Landing Page,5
003000000000000037,701000000000000008,Form Submission,2025-06-13 16:21:06,Google Search - Warehousing Brand,5
003000000000000038,701000000000000010,Landing Page Visit,2025-09-12 18:02:42,LinkedIn ABM Retargeting,5
003000000000000038,701000000000000005,Page Action,2025-04-26 14:28:56,MODEX Trade Show,20
003000000000000040,701000000000000010,Landing Page Visit,2025-03-01 23:19:33,LinkedIn ABM Retargeting,5
003000000000000043,701000000000000010,Landing Page Visit,2025-06-25 18:22:00,LinkedIn ABM Retargeting,10
003000000000000040,701000000000000006,Page Action,2025-09-01 07:11:05,ABM Direct Mail - Enterprise DTC,10
003000000000000043,701000000000000006,Page Action,2025-01-01 17:34:33,ABM Direct Mail - Enterprise DTC,5
003000000000000041,701000000000000008,Form Submission,2025-04-08 22:36:42,Google Search - Warehousing Brand,25
003000000000000041,701000000000000003,Webinar Attendance,2025-09-15 05:41:50,Flexible Warehousing 101 Webinar,15
003000000000000042,701000000000000003,Webinar Registration,2025-03-19 08:59:42,Flexible Warehousing 101 Webinar,5
003000000000000040,701000000000000003,Webinar Attendance,2025-09-21 01:23:17,Flexible Warehousing 101 Webinar,5
003000000000000043,701000000000000003,Webinar Attendance,2025-08-14 20:01:36,Flexible Warehousing 101 Webinar,20
003000000000000047,701000000000000003,Webinar Registration,2025-02-24 23:55:26,Flexible Warehousing 101 Webinar,5
003000000000000044,701000000000000006,Page Action,2025-03-27 04:57:30,ABM Direct Mail - Enterprise DTC,5
003000000000000047,701000000000000006,Page Action,2025-03-21 03:59:23,ABM Direct Mail - Enterprise DTC,10
003000000000000045,701000000000000006,Page Action,2025-02-09 10:28:53,ABM Direct Mail - Enterprise DTC,10
003000000000000045,701000000000000007,Content Download,2025-03-23 16:37:01,Case Study: Enterprise Overflow Program,15
003000000000000047,701000000000000007,Landing Page Visit,2025-02-20 07:35:05,Case Study: Enterprise Overflow Program,25
003000000000000046,701000000000000007,Landing Page Visit,2025-01-20 11:37:02,Case Study: Enterprise Overflow Program,5
003000000000000047,701000000000000014,Demo Request,2025-01-21 11:56:08,Demo Request Landing Page,10
003000000000000044,701000000000000014,Demo Request,2025-03-22 09:37:27,Demo Request Landing Page,25
003000000000000047,701000000000000002,Page Action,2025-03-07 22:55:46,On-Demand Warehousing ROI Calculator,15
003000000000000046,701000000000000002,Landing Page Visit,2025-02-15 13:25:58,On-Demand Warehousing ROI Calculator,15
003000000000000044,701000000000000002,Page Action,2025-04-03 02:57:47,On-Demand Warehousing ROI Calculator,10
003000000000000050,701000000000000001,Content Download,2025-07-29 19:02:42,Peak Season Playbook Download,25
003000000000000052,701000000000000007,Landing Page Visit,2025-05-07 12:45:18,Case Study: Enterprise Overflow Program,25
003000000000000052,701000000000000013,Form Submission,2024-12-07 01:36:07,Analyst Report Syndication (Gartner),25
003000000000000052,701000000000000005,Form Submission,2025-01-29 00:26:58,MODEX Trade Show,10
003000000000000054,701000000000000002,Landing Page Visit,2025-10-18 08:27:27,On-Demand Warehousing ROI Calculator,5
003000000000000054,701000000000000012,Form Submission,2025-12-30 19:03:02,Partner Referral - 3PL Network,15
003000000000000054,701000000000000011,Email Open,2025-10-16 08:35:47,Q3 Email Nurture - Overflow Storage,10
003000000000000054,701000000000000008,Form Submission,2025-09-30 13:48:55,Google Search - Warehousing Brand,20
003000000000000055,701000000000000006,Page Action,2025-10-19 23:04:43,ABM Direct Mail - Enterprise DTC,5
003000000000000055,701000000000000003,Webinar Registration,2025-12-10 13:58:31,Flexible Warehousing 101 Webinar,10
003000000000000056,701000000000000003,Webinar Registration,2025-07-15 04:04:36,Flexible Warehousing 101 Webinar,5
003000000000000056,701000000000000012,Form Submission,2025-06-20 23:31:54,Partner Referral - 3PL Network,15
003000000000000055,701000000000000012,Form Submission,2025-08-14 15:25:43,Partner Referral - 3PL Network,5
003000000000000056,701000000000000001,Content Download,2025-07-22 21:55:06,Peak Season Playbook Download,15
003000000000000055,701000000000000013,Content Download,2025-11-27 03:34:44,Analyst Report Syndication (Gartner),20
003000000000000056,701000000000000013,Form Submission,2025-05-20 19:35:01,Analyst Report Syndication (Gartner),5
003000000000000056,701000000000000002,Page Action,2025-10-11 07:21:21,On-Demand Warehousing ROI Calculator,5
003000000000000056,701000000000000014,Demo Request,2025-11-08 06:43:05,Demo Request Landing Page,25
003000000000000055,701000000000000014,Demo Request,2025-12-17 18:45:20,Demo Request Landing Page,25
003000000000000057,701000000000000007,Landing Page Visit,2026-01-28 00:54:59,Case Study: Enterprise Overflow Program,10
003000000000000058,701000000000000009,Landing Page Visit,2025-09-08 09:21:53,Google Search - Warehousing Non-Brand,10
003000000000000058,701000000000000003,Webinar Registration,2025-11-20 22:28:34,Flexible Warehousing 101 Webinar,10
003000000000000058,701000000000000008,Landing Page Visit,2025-07-27 11:56:41,Google Search - Warehousing Brand,15
003000000000000060,701000000000000014,Demo Request,2025-04-13 05:09:47,Demo Request Landing Page,25
003000000000000060,701000000000000013,Content Download,2025-08-24 21:23:15,Analyst Report Syndication (Gartner),10
003000000000000059,701000000000000007,Landing Page Visit,2025-07-27 11:23:47,Case Study: Enterprise Overflow Program,5
003000000000000059,701000000000000012,Form Submission,2025-07-12 17:34:34,Partner Referral - 3PL Network,5
003000000000000060,701000000000000012,Form Submission,2025-07-16 18:52:08,Partner Referral - 3PL Network,15
003000000000000063,701000000000000012,Form Submission,2025-05-07 09:11:30,Partner Referral - 3PL Network,20
003000000000000064,701000000000000008,Form Submission,2025-07-30 22:53:07,Google Search - Warehousing Brand,25
003000000000000062,701000000000000004,Form Submission,2025-11-09 14:34:51,Spot Warehousing Index Report,20
003000000000000062,701000000000000011,Email Open,2025-10-29 02:30:30,Q3 Email Nurture - Overflow Storage,20
003000000000000061,701000000000000011,Email Open,2025-09-13 08:13:40,Q3 Email Nurture - Overflow Storage,15
003000000000000063,701000000000000003,Webinar Attendance,2025-11-18 08:23:26,Flexible Warehousing 101 Webinar,20
003000000000000064,701000000000000003,Webinar Registration,2025-06-25 15:30:50,Flexible Warehousing 101 Webinar,20
003000000000000061,701000000000000003,Webinar Attendance,2025-11-13 10:14:18,Flexible Warehousing 101 Webinar,10
003000000000000062,701000000000000003,Webinar Attendance,2025-07-09 11:39:45,Flexible Warehousing 101 Webinar,20
003000000000000063,701000000000000007,Content Download,2025-07-25 14:01:17,Case Study: Enterprise Overflow Program,5
003000000000000063,701000000000000009,Landing Page Visit,2025-04-28 23:55:54,Google Search - Warehousing Non-Brand,10
003000000000000064,701000000000000009,Form Submission,2025-05-01 23:52:57,Google Search - Warehousing Non-Brand,15
003000000000000062,701000000000000002,Landing Page Visit,2025-08-12 12:36:49,On-Demand Warehousing ROI Calculator,10
003000000000000061,701000000000000002,Landing Page Visit,2025-07-27 19:27:40,On-Demand Warehousing ROI Calculator,25
003000000000000062,701000000000000014,Demo Request,2025-05-17 15:58:06,Demo Request Landing Page,25
003000000000000064,701000000000000014,Demo Request,2025-07-16 15:15:24,Demo Request Landing Page,10
003000000000000061,701000000000000014,Demo Request,2025-09-01 20:17:13,Demo Request Landing Page,20
003000000000000065,701000000000000011,Email Open,2025-08-25 01:14:02,Q3 Email Nurture - Overflow Storage,20
003000000000000067,701000000000000011,Email Open,2025-08-16 12:19:41,Q3 Email Nurture - Overflow Storage,15
003000000000000066,701000000000000011,Email Open,2025-11-23 19:08:03,Q3 Email Nurture - Overflow Storage,15
003000000000000069,701000000000000003,Webinar Attendance,2025-10-29 20:10:52,Flexible Warehousing 101 Webinar,25
003000000000000069,701000000000000010,Landing Page Visit,2025-06-25 17:17:46,LinkedIn ABM Retargeting,25
003000000000000071,701000000000000010,Landing Page Visit,2025-10-19 22:27:11,LinkedIn ABM Retargeting,25
003000000000000069,701000000000000011,Email Open,2025-09-27 16:40:15,Q3 Email Nurture - Overflow Storage,5
003000000000000072,701000000000000014,Demo Request,2025-05-13 16:15:19,Demo Request Landing Page,5
003000000000000073,701000000000000014,Demo Request,2025-11-30 06:49:24,Demo Request Landing Page,15
003000000000000073,701000000000000002,Page Action,2025-10-10 18:08:06,On-Demand Warehousing ROI Calculator,15
003000000000000073,701000000000000003,Webinar Registration,2025-06-12 23:41:28,Flexible Warehousing 101 Webinar,20
003000000000000073,701000000000000008,Form Submission,2025-09-02 20:56:01,Google Search - Warehousing Brand,20
003000000000000073,701000000000000001,Content Download,2025-11-11 05:58:19,Peak Season Playbook Download,20
003000000000000074,701000000000000010,Landing Page Visit,2025-11-27 21:54:36,LinkedIn ABM Retargeting,20
003000000000000074,701000000000000007,Content Download,2025-09-17 05:43:35,Case Study: Enterprise Overflow Program,15
003000000000000074,701000000000000004,Form Submission,2026-01-23 12:37:42,Spot Warehousing Index Report,25
003000000000000075,701000000000000009,Form Submission,2025-10-24 09:26:58,Google Search - Warehousing Non-Brand,20
003000000000000075,701000000000000013,Content Download,2025-07-18 06:34:43,Analyst Report Syndication (Gartner),15
003000000000000075,701000000000000006,Page Action,2025-07-05 17:57:33,ABM Direct Mail - Enterprise DTC,5
003000000000000075,701000000000000002,Page Action,2025-11-20 01:06:19,On-Demand Warehousing ROI Calculator,15
003000000000000075,701000000000000003,Webinar Registration,2025-11-16 17:42:22,Flexible Warehousing 101 Webinar,15
003000000000000075,701000000000000014,Demo Request,2025-09-23 21:35:41,Demo Request Landing Page,15
003000000000000077,701000000000000003,Webinar Registration,2025-02-09 12:48:58,Flexible Warehousing 101 Webinar,25
003000000000000076,701000000000000003,Webinar Attendance,2024-12-19 01:42:45,Flexible Warehousing 101 Webinar,25
003000000000000076,701000000000000008,Landing Page Visit,2025-02-14 00:12:37,Google Search - Warehousing Brand,15
003000000000000079,701000000000000015,Page Action,2025-02-15 09:21:26,Customer Reference Call Program,5
003000000000000079,701000000000000006,Page Action,2025-01-20 00:27:33,ABM Direct Mail - Enterprise DTC,10
003000000000000076,701000000000000006,Page Action,2024-12-24 05:42:52,ABM Direct Mail - Enterprise DTC,5
003000000000000080,701000000000000004,Form Submission,2025-04-13 15:58:56,Spot Warehousing Index Report,15
003000000000000080,701000000000000012,Form Submission,2025-08-09 10:47:49,Partner Referral - 3PL Network,10
003000000000000080,701000000000000001,Form Submission,2025-06-27 04:09:24,Peak Season Playbook Download,25
003000000000000083,701000000000000008,Form Submission,2025-10-02 07:56:48,Google Search - Warehousing Brand,25
003000000000000082,701000000000000008,Landing Page Visit,2025-05-12 06:33:29,Google Search - Warehousing Brand,10
003000000000000084,701000000000000001,Form Submission,2025-07-02 06:22:59,Peak Season Playbook Download,10
003000000000000082,701000000000000013,Form Submission,2025-11-07 14:51:33,Analyst Report Syndication (Gartner),25
003000000000000081,701000000000000013,Content Download,2025-08-07 12:12:17,Analyst Report Syndication (Gartner),20
003000000000000083,701000000000000013,Content Download,2025-03-13 14:54:36,Analyst Report Syndication (Gartner),10
003000000000000082,701000000000000009,Landing Page Visit,2025-08-16 01:20:06,Google Search - Warehousing Non-Brand,15
003000000000000083,701000000000000009,Form Submission,2025-02-20 12:58:02,Google Search - Warehousing Non-Brand,25
003000000000000083,701000000000000005,Page Action,2025-06-19 11:41:11,MODEX Trade Show,25
003000000000000081,701000000000000002,Landing Page Visit,2025-11-11 00:56:00,On-Demand Warehousing ROI Calculator,5
003000000000000083,701000000000000002,Landing Page Visit,2025-04-15 08:08:40,On-Demand Warehousing ROI Calculator,10
003000000000000082,701000000000000002,Landing Page Visit,2025-08-11 09:07:08,On-Demand Warehousing ROI Calculator,5
003000000000000083,701000000000000003,Webinar Registration,2025-10-05 19:02:19,Flexible Warehousing 101 Webinar,20
003000000000000081,701000000000000003,Webinar Registration,2025-08-31 03:25:08,Flexible Warehousing 101 Webinar,5
003000000000000084,701000000000000014,Demo Request,2025-11-04 10:10:50,Demo Request Landing Page,5
003000000000000086,701000000000000001,Form Submission,2025-09-05 20:25:41,Peak Season Playbook Download,15
003000000000000088,701000000000000001,Form Submission,2025-07-12 12:52:03,Peak Season Playbook Download,20
003000000000000087,701000000000000001,Content Download,2025-11-08 00:25:14,Peak Season Playbook Download,5
003000000000000085,701000000000000001,Content Download,2025-07-22 02:31:18,Peak Season Playbook Download,20
003000000000000086,701000000000000013,Form Submission,2025-10-03 23:03:16,Analyst Report Syndication (Gartner),5
003000000000000088,701000000000000013,Content Download,2025-12-01 22:36:26,Analyst Report Syndication (Gartner),25
003000000000000085,701000000000000006,Page Action,2025-07-14 18:56:37,ABM Direct Mail - Enterprise DTC,20
003000000000000087,701000000000000014,Demo Request,2025-09-04 12:39:14,Demo Request Landing Page,5
003000000000000091,701000000000000011,Email Click,2025-04-13 16:46:48,Q3 Email Nurture - Overflow Storage,25
003000000000000089,701000000000000007,Landing Page Visit,2025-02-19 06:52:26,Case Study: Enterprise Overflow Program,25
003000000000000092,701000000000000010,Landing Page Visit,2025-08-07 18:49:23,LinkedIn ABM Retargeting,20
003000000000000094,701000000000000008,Form Submission,2025-09-18 16:40:18,Google Search - Warehousing Brand,15
003000000000000096,701000000000000008,Form Submission,2025-08-27 14:13:27,Google Search - Warehousing Brand,15
003000000000000095,701000000000000008,Form Submission,2025-10-12 13:51:35,Google Search - Warehousing Brand,15
003000000000000093,701000000000000008,Landing Page Visit,2025-10-17 11:04:10,Google Search - Warehousing Brand,20
003000000000000097,701000000000000005,Form Submission,2025-12-01 13:01:26,MODEX Trade Show,25
003000000000000097,701000000000000009,Form Submission,2025-09-28 03:36:11,Google Search - Warehousing Non-Brand,15
003000000000000097,701000000000000013,Content Download,2025-11-12 16:01:33,Analyst Report Syndication (Gartner),25
003000000000000097,701000000000000015,Page Action,2025-11-08 02:44:01,Customer Reference Call Program,25
003000000000000098,701000000000000012,Form Submission,2025-07-23 11:10:05,Partner Referral - 3PL Network,15
003000000000000099,701000000000000009,Form Submission,2025-05-28 06:12:32,Google Search - Warehousing Non-Brand,20
003000000000000100,701000000000000013,Content Download,2025-11-07 08:40:29,Analyst Report Syndication (Gartner),15
